t_ms,x_g,y_g,z_g,mag_g
1597,0.01,-0.004,0.984,0.984
1609,-0.004,-0.006,0.996,0.996
1629,0.0,-0.006,1.008,1.008
1648,0.01,-0.002,0.99,0.99
1668,0.018,-0.002,0.99,0.99
1688,0.018,-0.002,0.994,0.994
1707,0.02,-0.006,0.974,0.974
1727,0.016,-0.006,1.004,1.004
1747,0.026,-0.002,0.97,0.97
1766,0.026,0.0,0.948,0.948
1786,0.02,-0.006,0.988,0.988
1806,0.012,-0.01,1.028,1.028
1826,0.012,-0.006,1.01,1.01
1845,0.004,0.002,0.982,0.982
1865,-0.01,0.004,1.0,1.0
1885,-0.006,0.012,0.994,0.994
1904,-0.008,0.006,0.986,0.986
1924,0.018,-0.002,0.972,0.972
1944,0.008,0.002,0.99,0.99
1963,0.008,-0.01,0.996,0.996
1983,0.022,-0.01,0.998,0.998
2003,0.032,-0.01,1.008,1.009
2022,0.024,-0.008,1.006,1.006
2042,0.022,-0.01,1.018,1.018
2062,0.024,0.004,0.976,0.976
2082,0.02,0.0,0.978,0.978
2101,0.004,0.01,0.984,0.984
2121,0.01,0.008,0.99,0.99
2141,0.01,0.002,1.014,1.014
2160,0.01,0.0,0.992,0.992
2180,0.024,0.0,0.954,0.954
2200,0.018,-0.002,1.008,1.008
2219,0.026,-0.006,0.964,0.964
2239,0.012,-0.002,0.948,0.948
2259,0.018,0.0,0.942,0.942
2279,0.024,-0.006,0.948,0.948
2298,0.03,-0.016,0.964,0.965
2318,0.02,-0.014,0.974,0.974
2338,0.01,-0.008,1.002,1.002
2357,0.01,-0.01,0.998,0.998
2377,0.0,-0.008,0.994,0.994
2397,-0.01,0.0,0.986,0.986
2416,0.004,0.0,0.988,0.988
2436,-0.018,0.006,0.98,0.98
2456,-0.02,-0.002,0.998,0.998
2475,-0.01,-0.006,1.024,1.024
2495,-0.016,-0.004,1.034,1.034
2515,-0.018,-0.002,1.038,1.038
2535,0.01,-0.002,1.002,1.002
2554,0.006,-0.01,1.02,1.02
2574,0.022,-0.004,0.986,0.986
2594,0.012,-0.002,1.0,1.0
2613,0.012,0.002,0.982,0.982
2633,0.018,-0.004,1.018,1.018
2653,0.014,-0.01,1.038,1.038
2672,0.026,-0.02,1.026,1.027
2692,0.022,-0.018,1.014,1.014
2712,0.03,-0.018,0.978,0.979
2732,0.014,-0.006,0.978,0.978
2751,0.002,0.0,0.974,0.974
2771,0.0,-0.006,1.008,1.008
2791,-0.004,0.0,0.98,0.98
2810,0.012,0.0,0.954,0.954
2830,0.004,0.004,0.956,0.956
2850,0.004,0.01,0.974,0.974
2869,0.01,0.006,0.98,0.98
2889,0.004,0.014,0.972,0.972
2909,0.002,0.016,0.974,0.974
2928,0.0,0.004,0.99,0.99
2948,-0.008,0.006,1.004,1.004
2968,-0.014,0.0,0.996,0.996
2987,0.006,0.0,0.984,0.984
3007,0.006,-0.006,0.984,0.984
3027,-0.002,0.004,0.988,0.988
3047,-0.002,-0.004,1.006,1.006
3066,0.012,0.004,0.956,0.956
3086,0.006,0.002,0.962,0.962
3106,0.016,0.004,0.954,0.954
3125,0.016,-0.004,0.948,0.948
3145,0.02,-0.006,0.968,0.968
3165,0.012,-0.01,0.994,0.994
3184,0.018,-0.004,0.984,0.984
3204,0.006,0.002,0.988,0.988
3224,0.008,-0.01,0.98,0.98
3244,0.008,-0.004,0.982,0.982
3263,0.01,-0.006,0.992,0.992
3283,0.012,-0.006,0.984,0.984
3303,0.022,-0.01,0.986,0.986
3322,0.022,-0.01,1.0,1.0
3342,0.022,-0.012,1.008,1.008
3362,0.02,-0.006,1.0,1.0
3381,0.014,-0.006,0.996,0.996
3401,0.02,-0.002,0.988,0.988
3421,0.008,-0.006,0.988,0.988
3440,0.022,-0.008,0.978,0.978
3460,0.03,-0.004,0.974,0.974
3480,0.024,-0.004,0.98,0.98
3500,0.012,0.0,0.952,0.952
3519,0.024,0.0,0.948,0.948
3539,0.032,0.002,0.918,0.919
3559,0.038,-0.006,0.972,0.973
3578,0.016,-0.004,0.994,0.994
3598,0.014,-0.01,1.016,1.016
3618,0.024,-0.008,1.004,1.004
3637,0.018,0.002,0.978,0.978
3657,0.01,0.0,0.978,0.978
3677,0.01,0.004,0.96,0.96
3697,0.008,0.004,1.002,1.002
3716,-0.002,0.002,0.986,0.986
3736,0.0,0.006,0.964,0.964
3756,0.014,0.004,0.958,0.958
3775,0.01,0.002,0.948,0.948
3795,0.024,0.006,0.926,0.926
3815,0.006,0.006,0.974,0.974
3834,-0.008,0.002,0.988,0.988
3854,0.006,0.004,0.95,0.95
3874,0.012,-0.004,0.96,0.96
3893,0.018,-0.006,0.994,0.994
3913,0.006,-0.006,1.008,1.008
3933,0.002,-0.006,1.026,1.026
3952,0.002,0.0,1.054,1.054
3972,-0.006,0.008,1.042,1.042
3992,-0.002,0.008,1.02,1.02
4012,0.016,0.004,0.982,0.982
4031,0.024,-0.006,1.008,1.008
4051,0.01,0.0,1.002,1.002
4071,0.0,0.002,0.97,0.97
4090,0.006,0.006,0.944,0.944
4110,0.028,0.002,0.982,0.982
4130,0.018,0.0,0.984,0.984
4150,0.002,0.002,0.988,0.988
4169,0.002,-0.012,1.016,1.016
4189,0.01,-0.014,1.022,1.022
4209,0.0,-0.014,1.01,1.01
4228,0.01,-0.016,1.032,1.032
4248,0.01,-0.002,1.006,1.006
4268,0.016,0.0,0.972,0.972
4287,0.01,-0.002,1.002,1.002
4307,-0.002,-0.006,1.046,1.046
4327,-0.006,-0.002,1.038,1.038
4346,-0.006,0.0,1.024,1.024
4366,0.012,-0.002,1.006,1.006
4386,0.018,0.0,0.976,0.976
4406,0.016,-0.008,0.996,0.996
4425,0.018,-0.008,1.01,1.01
4445,-0.006,-0.004,1.026,1.026
4465,-0.006,0.008,0.996,0.996
4484,0.012,0.004,0.966,0.966
4504,-0.012,0.008,0.99,0.99
4524,-0.002,0.004,0.97,0.97
4543,0.004,-0.008,0.986,0.986
4563,0.01,-0.006,0.984,0.984
4583,-0.002,-0.004,1.008,1.008
4602,0.006,-0.006,0.998,0.998
4622,-0.006,-0.006,1.01,1.01
4642,0.004,0.0,0.982,0.982
4661,0.014,0.004,0.958,0.958
4681,0.014,0.002,0.976,0.976
4701,0.018,0.002,0.976,0.976
4721,0.0,0.006,0.98,0.98
4740,0.002,-0.002,1.008,1.008
4760,0.014,-0.008,1.032,1.032
4780,0.024,-0.006,1.006,1.006
4799,0.012,-0.004,1.026,1.026
4819,0.01,-0.008,1.03,1.03
4839,0.01,-0.008,1.034,1.034
4858,0.012,-0.008,1.01,1.01
4878,0.012,-0.004,0.99,0.99
4898,0.008,-0.002,1.01,1.01
4918,0.008,0.004,0.982,0.982
4937,0.012,-0.01,0.994,0.994
4957,0.012,-0.008,0.988,0.988
4977,0.014,-0.006,0.986,0.986
4996,-0.008,-0.002,1.012,1.012
5016,-0.002,0.0,1.0,1.0
5036,-0.004,0.002,1.008,1.008
5055,0.012,-0.008,1.016,1.016
5075,0.014,-0.014,1.022,1.022
5095,0.032,-0.01,0.988,0.989
5114,0.028,-0.008,1.0,1.0
5134,-0.002,-0.01,1.028,1.028
5154,0.002,-0.018,1.042,1.042
5174,0.01,-0.012,1.03,1.03
5193,0.016,-0.006,1.01,1.01
5213,0.02,0.0,0.998,0.998
5233,0.016,-0.006,1.008,1.008
5252,0.008,-0.006,1.006,1.006
5272,0.024,-0.004,0.994,0.994
5292,0.016,-0.002,0.998,0.998
5311,0.018,0.002,0.992,0.992
5331,0.024,0.0,0.974,0.974
5351,0.016,0.006,0.964,0.964
5370,0.006,0.004,0.974,0.974
5390,0.01,0.0,0.98,0.98
5410,0.022,0.002,0.978,0.978
5430,0.024,-0.008,1.0,1.0
5449,0.014,-0.002,0.996,0.996
5469,0.014,-0.006,1.0,1.0
5489,0.028,-0.004,0.97,0.97
5508,0.02,-0.002,0.976,0.976
5528,0.024,-0.01,0.964,0.964
5548,0.026,-0.008,0.956,0.956
5567,0.002,-0.006,1.006,1.006
5587,0.008,-0.006,0.988,0.988
5607,0.006,-0.004,1.01,1.01
5626,0.008,-0.008,0.994,0.994
5646,-0.006,0.002,0.964,0.964
5666,0.024,-0.004,0.986,0.986
5686,0.042,-0.012,0.978,0.979
5705,0.032,-0.022,1.016,1.017
5725,0.01,0.0,1.016,1.016
5745,0.02,0.0,1.01,1.01
5764,0.01,-0.004,1.026,1.026
5784,0.014,-0.008,1.038,1.038
5804,-0.004,-0.002,1.028,1.028
5824,0.004,0.0,1.012,1.012
5843,-0.006,0.008,1.016,1.016
5863,0.018,-0.006,0.962,0.962
5883,0.008,0.002,0.976,0.976
5902,0.012,0.004,0.976,0.976
5922,0.014,0.01,0.984,0.984
5942,0.012,0.006,0.978,0.978
5961,0.008,0.01,0.952,0.952
5981,0.006,0.01,0.94,0.94
6001,0.012,0.008,0.96,0.96
6020,0.03,0.004,0.948,0.948
6040,0.03,-0.002,0.976,0.976
6060,0.01,-0.006,0.984,0.984
6080,0.014,-0.006,0.982,0.982
6099,0.02,0.002,0.96,0.96
6119,0.014,0.002,0.984,0.984
6139,0.018,0.0,0.992,0.992
6158,0.024,0.002,0.96,0.96
6178,0.008,0.002,0.992,0.992
6198,0.0,-0.002,1.006,1.006
6217,0.006,-0.006,0.986,0.986
6237,0.008,-0.006,0.998,0.998
6257,0.014,0.0,0.978,0.978
6276,0.02,0.002,0.954,0.954
6296,0.0,0.014,0.95,0.95
6316,0.014,-0.008,0.988,0.988
6336,0.014,-0.002,1.006,1.006
6355,0.012,0.0,0.996,0.996
6375,-0.004,-0.006,0.998,0.998
6395,0.008,-0.004,0.968,0.968
6414,0.006,0.0,0.978,0.978
6434,0.012,0.0,0.986,0.986
6454,0.024,0.006,0.958,0.958
6473,0.022,0.0,0.97,0.97
6493,0.016,-0.004,0.978,0.978
6513,0.014,-0.004,0.992,0.992
6532,-0.01,0.004,1.008,1.008
6552,0.014,-0.002,0.992,0.992
6572,0.028,0.0,0.978,0.978
6592,0.016,0.0,0.988,0.988
6611,0.014,-0.006,0.97,0.97
6631,0.026,0.0,0.952,0.952
6651,0.03,-0.006,0.95,0.95
6670,0.014,0.0,0.932,0.932
6690,0.006,-0.002,0.966,0.966
6710,0.002,-0.004,0.99,0.99
6729,0.004,-0.004,0.996,0.996
6749,-0.002,-0.004,1.01,1.01
6769,-0.008,-0.004,1.006,1.006
6789,0.008,0.0,0.974,0.974
6808,0.01,0.002,0.964,0.964
6828,0.02,0.0,0.956,0.956
6848,0.034,-0.004,0.926,0.927
6867,0.036,-0.014,0.944,0.945
6887,0.022,-0.012,0.974,0.974
6907,0.02,0.002,0.96,0.96
6926,0.018,-0.006,0.982,0.982
6946,0.012,-0.002,0.98,0.98
6966,0.006,-0.002,0.984,0.984
6986,0.024,-0.004,0.958,0.958
7005,0.032,-0.006,0.962,0.963
7025,0.02,0.002,0.956,0.956
7045,0.022,0.0,0.954,0.954
7064,0.012,-0.002,0.966,0.966
7084,0.02,-0.008,0.97,0.97
7104,0.014,0.006,0.966,0.966
7123,0.002,-0.002,0.986,0.986
7143,0.022,-0.008,1.014,1.014
7163,0.01,-0.004,0.982,0.982
7182,0.018,-0.006,0.974,0.974
7202,0.016,0.006,0.956,0.956
7222,0.008,-0.004,1.01,1.01
7242,0.016,-0.004,1.002,1.002
7261,0.028,0.004,0.97,0.97
7281,0.018,0.002,0.974,0.974
7301,0.012,-0.002,1.006,1.006
7320,0.01,-0.004,0.984,0.984
7340,0.01,-0.012,1.008,1.008
7360,0.008,-0.006,0.996,0.996
7379,0.016,-0.004,0.988,0.988
7399,0.016,0.0,1.03,1.03
7419,-0.006,0.0,0.992,0.992
7439,-0.006,0.004,0.988,0.988
7458,0.004,-0.002,1.006,1.006
7478,0.014,-0.006,1.02,1.02
7498,0.01,-0.006,1.01,1.01
7517,0.02,-0.004,0.986,0.986
7537,0.016,-0.006,0.982,0.982
7557,0.022,-0.004,0.968,0.968
7576,0.028,0.002,0.944,0.944
7596,0.02,0.008,0.95,0.95
7616,0.012,-0.002,0.978,0.978
7635,0.006,-0.002,0.968,0.968
7655,0.024,-0.006,0.982,0.982
7675,0.012,0.002,0.954,0.954
7695,0.008,-0.006,0.982,0.982
7714,0.004,0.0,1.002,1.002
7734,0.012,0.004,0.968,0.968
7754,0.002,0.004,0.998,0.998
7773,-0.002,0.002,0.978,0.978
7793,0.026,-0.002,0.992,0.992
7813,0.024,-0.01,0.998,0.998
7832,0.018,-0.008,0.978,0.978
7852,0.018,-0.01,1.004,1.004
7872,0.006,-0.012,1.01,1.01
7891,0.006,-0.008,0.996,0.996
7911,0.016,-0.004,0.99,0.99
7931,0.03,-0.014,0.982,0.983
7951,0.026,-0.01,0.98,0.98
7970,0.012,-0.002,0.984,0.984
7990,0.014,-0.002,0.986,0.986
8010,0.002,0.006,0.97,0.97
8029,0.01,0.006,0.956,0.956
8049,-0.004,0.016,0.96,0.96
8069,0.01,0.014,0.958,0.958
8088,0.008,0.012,0.948,0.948
8108,-0.016,0.016,0.946,0.946
8128,-0.01,0.022,0.96,0.96
8148,-0.006,0.018,0.956,0.956
8167,0.004,0.012,0.972,0.972
8187,-0.002,0.004,1.0,1.0
8207,0.008,-0.002,0.988,0.988
8226,-0.004,-0.004,1.024,1.024
8246,-0.002,-0.002,1.016,1.016
8266,0.022,-0.018,1.014,1.014
8285,0.032,-0.022,1.036,1.037
8305,0.024,-0.024,1.03,1.031
8325,0.008,-0.012,1.026,1.026
8344,0.008,-0.008,1.016,1.016
8364,0.008,-0.012,1.03,1.03
8384,0.022,-0.012,1.016,1.016
8404,0.016,0.002,0.978,0.978
8423,0.008,0.008,0.97,0.97
8443,0.006,-0.002,0.968,0.968
8463,-0.006,-0.002,1.0,1.0
8482,0.014,0.006,0.978,0.978
8502,0.014,0.006,0.976,0.976
8522,0.01,0.018,0.972,0.972
8541,0.022,0.02,0.928,0.928
8561,0.018,0.012,0.952,0.952
8581,0.012,0.01,0.96,0.96
8600,0.028,0.0,0.996,0.996
8620,0.008,-0.002,1.038,1.038
8640,0.03,0.0,1.0,1.0
8660,0.006,0.0,0.99,0.99
8679,0.004,0.008,1.002,1.002
8699,0.01,-0.004,1.014,1.014
8719,0.018,-0.004,0.996,0.996
8738,0.024,-0.01,0.98,0.98
8758,0.014,-0.006,0.976,0.976
8778,0.008,0.0,0.956,0.956
8797,0.006,0.002,0.938,0.938
8817,0.002,0.012,0.944,0.944
8837,0.006,0.016,0.932,0.932
8856,0.016,0.01,0.962,0.962
8876,-0.006,0.008,0.992,0.992
8896,-0.006,0.006,0.988,0.988
8916,0.02,-0.004,1.008,1.008
8935,0.02,-0.008,1.022,1.022
8955,0.018,-0.004,0.996,0.996
8975,0.038,-0.004,0.968,0.969
8994,0.044,0.0,0.932,0.933
9014,0.032,-0.006,0.948,0.949
9034,0.024,-0.004,0.952,0.952
9053,0.016,-0.008,0.978,0.978
9073,0.016,-0.006,0.984,0.984
9093,0.024,-0.006,0.984,0.984
9112,0.02,-0.01,0.994,0.994
9132,0.026,-0.012,1.014,1.014
9152,0.018,-0.006,0.99,0.99
9172,0.012,-0.006,1.014,1.014
9191,0.004,-0.002,1.008,1.008
9211,0.0,-0.014,1.0,1.0
9231,0.006,-0.02,1.014,1.014
9250,0.008,-0.008,0.98,0.98
9270,0.018,0.0,0.94,0.94
9290,0.016,-0.004,0.96,0.96
9310,0.012,0.0,0.988,0.988
9329,0.018,-0.006,0.986,0.986
9349,0.02,0.01,1.054,1.054
9369,0.014,0.004,1.052,1.052
9388,0.0,0.006,0.978,0.978
9408,0.0,0.006,1.0,1.0
9428,0.012,0.008,0.954,0.954
9447,0.022,-0.006,1.026,1.026
9467,0.016,0.004,0.962,0.962
9487,0.0,0.01,0.944,0.944
9506,-0.002,0.006,0.954,0.954
9526,-0.008,0.002,0.962,0.962
9546,-0.006,-0.002,1.004,1.004
9565,0.018,0.002,0.954,0.954
9585,0.012,-0.004,0.978,0.978
9605,0.004,0.004,0.924,0.924
9625,0.006,0.002,0.996,0.996
9644,0.02,-0.004,0.966,0.966
9664,0.008,0.0,1.012,1.012
9684,0.018,0.006,0.98,0.98
9703,0.03,0.002,0.962,0.962
9723,0.014,-0.004,1.004,1.004
9743,0.022,0.004,0.962,0.962
9762,0.014,0.002,0.978,0.978
9782,0.022,0.004,0.96,0.96
9802,0.024,-0.008,0.982,0.982
9822,0.026,-0.002,0.934,0.934
9841,0.022,-0.002,0.954,0.954
9861,0.028,-0.002,0.94,0.94
9881,0.04,-0.01,0.95,0.951
9900,0.03,-0.008,0.992,0.992
9920,0.022,-0.002,0.974,0.974
9940,0.03,-0.004,1.002,1.002
9959,0.014,-0.004,1.012,1.012
9979,0.028,-0.002,0.946,0.946
9999,0.008,0.0,0.956,0.956
10018,-0.01,0.004,0.978,0.978
10038,0.016,-0.002,0.962,0.962
10058,0.024,0.0,1.002,1.002
10078,0.006,-0.002,1.018,1.018
10097,0.006,-0.014,1.016,1.016
10117,0.022,-0.008,0.98,0.98
10137,0.004,0.004,0.964,0.964
10156,0.02,0.002,0.958,0.958
10176,0.026,0.006,0.958,0.958
10196,0.026,0.012,0.958,0.958
10215,0.0,0.008,0.994,0.994
10235,0.006,0.002,0.994,0.994
10255,0.014,-0.006,1.002,1.002
10274,0.03,-0.006,0.948,0.948
10294,0.012,0.004,0.974,0.974
10314,0.006,-0.01,0.992,0.992
10334,0.002,0.006,0.978,0.978
10353,0.026,0.0,0.978,0.978
10373,0.01,0.0,0.968,0.968
10393,-0.002,-0.006,1.002,1.002
10412,0.004,-0.002,1.0,1.0
10432,0.0,-0.002,1.01,1.01
10452,0.018,0.0,0.96,0.96
10471,0.032,-0.01,0.946,0.947
10491,0.02,0.0,0.968,0.968
10511,0.036,-0.008,0.974,0.975
10530,0.014,-0.004,0.966,0.966
10550,-0.004,-0.004,0.986,0.986
10570,0.004,0.004,0.976,0.976
10589,0.006,-0.004,0.99,0.99
10609,0.024,0.0,0.986,0.986
10629,0.016,0.006,0.96,0.96
10649,-0.008,0.01,0.96,0.96
10668,-0.008,0.012,0.948,0.948
10688,0.014,-0.01,1.0,1.0
10708,0.016,0.0,0.986,0.986
10727,0.018,-0.002,0.984,0.984
10747,0.016,-0.002,0.984,0.984
10767,0.022,-0.004,0.982,0.982
10787,0.018,-0.004,0.976,0.976
10806,0.016,0.0,0.954,0.954
10826,0.008,-0.002,1.008,1.008
10846,0.008,0.002,0.982,0.982
10865,0.0,0.008,0.974,0.974
10885,-0.004,0.012,0.98,0.98
10905,0.032,0.004,0.956,0.957
10924,0.032,-0.012,0.98,0.981
10944,0.028,-0.014,0.984,0.984
10964,0.018,-0.008,0.942,0.942
10983,0.01,-0.004,0.962,0.962
11003,-0.006,-0.006,0.976,0.976
11023,0.0,0.002,0.984,0.984
11043,0.0,0.004,0.984,0.984
11062,0.014,0.002,0.998,0.998
11082,-0.002,0.006,1.002,1.002
11102,0.024,-0.002,0.996,0.996
11121,0.014,0.004,0.962,0.962
11141,0.036,-0.004,0.952,0.953
11161,0.022,-0.008,0.992,0.992
11180,0.018,-0.01,0.976,0.976
11200,0.02,0.004,0.968,0.968
11220,0.024,0.006,0.954,0.954
11239,0.02,0.012,0.95,0.95
11259,0.014,0.008,0.974,0.974
11279,-0.002,0.01,0.98,0.98
11299,0.002,0.004,1.0,1.0
11318,0.0,0.0,0.95,0.95
11338,0.024,-0.006,0.968,0.968
11358,0.022,-0.01,0.976,0.976
11377,0.022,-0.014,1.004,1.004
11397,0.01,0.0,0.988,0.988
11417,0.0,0.0,1.01,1.01
11436,0.012,-0.01,1.01,1.01
11456,0.024,-0.006,0.954,0.954
11476,0.012,-0.006,0.976,0.976
11496,0.014,0.006,0.944,0.944
11515,0.006,-0.002,0.974,0.974
11535,0.016,-0.006,0.996,0.996
11555,0.004,0.0,1.026,1.026
11574,-0.002,0.004,0.996,0.996
11594,-0.002,0.012,0.976,0.976
11614,-0.004,0.004,1.006,1.006
11633,0.028,-0.006,1.012,1.012
11653,0.01,0.008,1.004,1.004
11673,0.002,0.018,0.984,0.984
11692,0.002,0.018,1.0,1.0
11712,0.01,0.01,0.988,0.988
11732,0.004,0.01,0.98,0.98
11752,0.006,0.0,1.008,1.008
11771,0.002,0.006,0.992,0.992
11791,0.012,0.018,0.948,0.948
11811,0.022,0.008,0.95,0.95
11830,0.008,0.012,0.984,0.984
11850,0.014,0.0,0.99,0.99
11870,0.016,-0.004,0.996,0.996
11889,0.026,-0.006,0.978,0.978
11909,0.002,0.0,0.996,0.996
11929,0.016,0.002,0.98,0.98
11948,0.006,-0.006,1.01,1.01
11968,0.012,-0.008,0.994,0.994
11988,0.002,-0.006,1.02,1.02
12008,-0.004,0.0,1.004,1.004
12027,0.018,-0.002,0.988,0.988
12047,0.004,-0.008,1.004,1.004
12067,0.008,-0.002,0.982,0.982
12086,0.024,-0.004,1.01,1.01
12106,0.03,-0.008,0.996,0.996
12126,0.018,-0.01,1.03,1.03
12145,0.018,0.004,1.012,1.012
12165,0.008,0.004,1.004,1.004
12185,0.018,-0.004,0.994,0.994
12204,0.016,0.004,0.956,0.956
12224,0.022,-0.004,0.946,0.946
12244,0.038,-0.016,0.952,0.953
12264,0.02,0.0,0.95,0.95
12283,0.016,0.006,0.942,0.942
12303,0.016,0.012,0.946,0.946
12323,0.012,0.01,0.972,0.972
12342,0.014,0.006,0.98,0.98
12362,0.018,0.0,0.974,0.974
12382,0.022,-0.008,0.968,0.968
12401,0.014,-0.002,0.968,0.968
12421,0.004,0.006,0.958,0.958
12441,0.012,0.0,0.972,0.972
12460,0.02,0.002,0.986,0.986
12480,0.016,0.004,0.996,0.996
12500,0.02,0.012,0.97,0.97
12519,0.014,0.01,0.968,0.968
12539,0.018,-0.004,0.966,0.966
12559,0.016,-0.008,0.99,0.99
12579,0.028,-0.006,0.992,0.992
12598,0.024,-0.004,0.998,0.998
12618,0.018,0.008,1.014,1.014
12638,0.014,0.0,0.98,0.98
12657,0.02,-0.002,0.974,0.974
12677,0.01,0.004,0.982,0.982
12697,0.016,0.01,0.98,0.98
12717,0.002,0.014,0.968,0.968
12736,0.014,0.012,0.97,0.97
12756,0.024,0.0,0.992,0.992
12776,0.004,0.014,1.01,1.01
12795,0.018,0.006,1.006,1.006
12815,0.024,0.0,0.994,0.994
12835,0.036,-0.002,0.974,0.975
12854,0.036,-0.006,0.95,0.951
12874,0.03,-0.014,1.002,1.003
12894,0.024,-0.002,1.0,1.0
12913,0.02,0.004,0.978,0.978
12933,0.034,-0.004,0.946,0.947
12953,0.026,0.0,0.946,0.946
12973,0.022,-0.006,0.948,0.948
12992,0.026,-0.01,0.922,0.922
13012,0.018,0.0,0.934,0.934
13032,0.034,-0.008,0.938,0.939
13051,0.032,-0.012,0.982,0.983
13071,0.008,-0.004,0.992,0.992
13091,0.016,-0.006,0.96,0.96
13110,0.028,-0.006,0.946,0.946
13130,0.018,-0.004,0.956,0.956
13150,0.004,-0.008,0.986,0.986
13169,0.032,-0.01,0.976,0.977
13189,0.038,-0.006,0.986,0.987
13209,0.026,-0.002,0.98,0.98
13229,0.03,-0.002,0.948,0.948
13248,0.032,-0.002,0.968,0.969
13268,0.02,0.006,0.964,0.964
13288,0.018,-0.002,0.968,0.968
13307,0.008,-0.004,0.98,0.98
13327,0.0,-0.004,0.948,0.948
13347,0.02,-0.012,0.962,0.962
13366,0.014,-0.01,0.994,0.994
13386,0.014,-0.01,1.024,1.024
13406,0.006,0.004,0.994,0.994
13426,0.01,-0.004,1.028,1.028
13445,0.016,-0.006,1.018,1.018
13465,0.01,-0.004,1.016,1.016
13485,0.014,-0.006,1.014,1.014
13504,0.014,-0.008,0.992,0.992
13524,0.014,-0.002,0.972,0.972
13544,0.018,-0.008,0.998,0.998
13563,-0.002,-0.01,1.024,1.024
13583,0.014,-0.01,1.014,1.014
13603,0.028,-0.002,0.974,0.974
13622,0.016,0.01,0.984,0.984
13642,0.024,0.002,0.992,0.992
13662,0.03,-0.002,0.98,0.98
13681,0.01,-0.008,1.006,1.006
13701,0.002,-0.002,1.02,1.02
13721,0.016,0.01,0.966,0.966
13741,0.004,0.006,0.972,0.972
13760,0.004,0.006,0.984,0.984
13780,-0.01,0.0,0.98,0.98
13800,-0.012,0.006,0.972,0.972
13819,0.004,0.006,0.954,0.954
13839,0.008,0.002,0.974,0.974
13859,-0.008,0.01,0.954,0.954
13878,-0.004,-0.002,0.984,0.984
13898,0.006,-0.002,0.998,0.998
13918,0.006,0.006,0.978,0.978
13938,0.012,0.004,0.98,0.98
13957,0.026,-0.006,0.988,0.988
13977,0.014,-0.008,0.994,0.994
13997,0.018,-0.006,0.992,0.992
14016,0.016,0.004,0.978,0.978
14036,0.018,0.004,0.986,0.986
14056,-0.002,0.006,1.006,1.006
14075,0.02,-0.002,0.992,0.992
14095,0.028,-0.004,0.974,0.974
14115,0.034,-0.002,0.942,0.943
14134,0.042,-0.006,0.996,0.997
14154,0.016,0.002,0.98,0.98
14174,0.026,0.006,0.962,0.962
14193,0.018,-0.004,0.996,0.996
14213,0.016,-0.004,0.98,0.98
14233,0.0,-0.004,1.002,1.002
14253,0.014,-0.006,0.99,0.99
14272,0.004,-0.004,0.996,0.996
14292,0.016,0.004,0.936,0.936
14312,0.006,0.004,0.934,0.934
14331,0.012,0.002,0.956,0.956
14351,0.018,-0.002,0.98,0.98
14371,0.004,0.012,0.972,0.972
14391,0.006,0.002,0.972,0.972
14410,0.01,-0.002,0.996,0.996
14430,0.012,-0.01,0.976,0.976
14450,0.02,-0.014,0.998,0.998
14469,0.016,-0.004,0.98,0.98
14489,0.028,-0.004,0.968,0.968
14509,0.022,0.004,0.97,0.97
14528,0.016,0.002,0.972,0.972
14548,0.014,0.008,0.972,0.972
14568,0.008,0.008,0.97,0.97
14587,0.008,0.0,1.012,1.012
14607,0.018,-0.012,0.978,0.978
14627,0.014,-0.012,1.008,1.008
14647,0.014,-0.006,0.98,0.98
14666,0.006,0.002,0.974,0.974
14686,0.008,0.0,0.974,0.974
14706,-0.004,0.008,0.978,0.978
14725,0.008,0.0,0.976,0.976
14745,-0.012,0.004,0.97,0.97
14765,0.01,0.004,0.994,0.994
14784,0.018,0.002,0.98,0.98
14804,0.004,0.004,0.994,0.994
14824,0.014,0.004,0.974,0.974
14843,0.018,0.006,0.97,0.97
14863,0.01,0.002,0.988,0.988
14883,0.006,0.0,0.996,0.996
14903,0.02,-0.004,0.992,0.992
14922,0.02,-0.002,1.002,1.002
14942,0.044,-0.012,1.01,1.011
14962,0.022,-0.006,0.988,0.988
14981,0.022,-0.004,0.986,0.986
15001,0.014,-0.008,1.03,1.03
15021,0.026,-0.002,0.972,0.972
15040,0.006,0.006,1.016,1.016
15060,0.016,0.002,0.984,0.984
15080,0.004,0.0,1.024,1.024
15100,0.004,0.01,0.968,0.968
15119,-0.004,0.012,0.972,0.972
15139,-0.006,0.018,0.96,0.96
15159,0.014,0.0,0.984,0.984
15178,0.028,-0.006,0.964,0.964
15198,0.02,0.004,0.978,0.978
15218,0.026,-0.002,0.994,0.994
15237,0.012,-0.004,0.958,0.958
15257,0.012,0.006,0.954,0.954
15277,0.022,0.002,0.954,0.954
15296,0.02,-0.008,0.964,0.964
15316,0.022,-0.01,0.978,0.978
15336,0.02,0.0,0.95,0.95
15355,0.002,-0.002,0.994,0.994
15375,0.026,-0.004,0.98,0.98
15395,0.02,0.006,0.972,0.972
15415,0.01,0.006,0.994,0.994
15434,0.002,0.014,0.966,0.966
15454,0.006,0.004,0.976,0.976
15474,0.014,-0.006,0.99,0.99
15493,0.024,-0.008,0.996,0.996
15513,0.008,0.002,0.974,0.974
15533,0.002,-0.006,1.016,1.016
15553,0.002,-0.004,1.0,1.0
15572,-0.004,-0.004,0.986,0.986
15592,0.002,0.0,0.978,0.978
15612,0.0,-0.004,1.002,1.002
15631,0.0,-0.004,1.02,1.02
15651,0.014,-0.012,1.018,1.018
15671,0.014,-0.012,0.992,0.992
15690,0.024,-0.01,0.964,0.964
15710,0.032,0.002,0.978,0.979
15730,0.016,0.004,0.994,0.994
15750,0.034,0.002,0.97,0.971
15769,0.018,0.002,1.014,1.014
15789,0.002,0.008,1.016,1.016
15809,0.004,0.004,1.038,1.038
15828,-0.002,0.002,0.998,0.998
15848,-0.004,0.004,0.992,0.992
15868,0.02,-0.006,1.002,1.002
15887,0.018,-0.004,0.988,0.988
15907,0.028,-0.008,0.942,0.942
15927,0.026,-0.002,0.974,0.974
15947,0.018,0.004,0.958,0.958
15966,0.022,0.002,0.974,0.974
15986,0.044,0.004,0.936,0.937
16006,0.02,0.002,0.96,0.96
16025,0.02,-0.004,0.952,0.952
16045,0.012,-0.008,0.972,0.972
16065,0.014,-0.004,0.978,0.978
16084,0.02,-0.004,0.97,0.97
16104,0.026,-0.002,0.962,0.962
16124,0.004,0.002,0.994,0.994
16143,0.008,-0.002,0.988,0.988
16163,0.01,-0.002,0.994,0.994
16183,0.012,-0.006,0.986,0.986
16203,0.002,0.004,0.958,0.958
16222,0.0,0.008,0.952,0.952
16242,-0.012,0.0,0.96,0.96
16262,0.018,-0.008,0.952,0.952
16281,0.024,-0.006,0.952,0.952
16301,0.018,0.0,0.97,0.97
16321,0.032,-0.01,0.97,0.971
16340,0.02,0.0,0.992,0.992
16360,0.012,0.006,0.964,0.964
16380,0.018,-0.002,0.96,0.96
16399,0.014,-0.008,0.962,0.962
16419,0.01,-0.004,0.98,0.98
16439,-0.012,0.002,0.998,0.998
16459,0.014,0.002,0.978,0.978
16478,0.004,0.004,0.96,0.96
16498,0.018,0.0,0.984,0.984
16518,0.028,0.002,0.962,0.962
16537,0.014,0.008,0.938,0.938
16557,0.014,0.002,0.936,0.936
16577,0.014,0.004,0.962,0.962
16596,-0.002,-0.01,0.994,0.994
16616,0.016,0.004,0.952,0.952
16636,0.03,0.0,0.964,0.964
16656,0.022,0.004,0.996,0.996
16675,0.02,-0.002,1.004,1.004
16695,0.022,-0.008,1.026,1.026
16715,0.008,-0.004,1.006,1.006
16734,0.006,-0.008,0.994,0.994
16754,0.02,-0.006,0.966,0.966
16774,0.02,0.0,0.964,0.964
16793,0.004,-0.006,0.986,0.986
16813,0.018,-0.014,0.976,0.976
16833,0.004,-0.01,1.004,1.004
16852,0.018,-0.002,0.956,0.956
16872,0.028,-0.008,0.968,0.968
16892,0.014,-0.002,0.994,0.994
16911,0.026,-0.002,0.986,0.986
16931,0.006,0.004,0.994,0.994
16951,0.022,0.0,0.994,0.994
16971,-0.008,-0.004,0.992,0.992
16990,0.016,-0.002,0.966,0.966
17010,0.006,0.0,0.974,0.974
17030,0.002,0.004,0.966,0.966
17049,0.01,0.004,0.986,0.986
17069,0.008,-0.008,1.03,1.03
17089,0.016,-0.008,1.022,1.022
17109,0.008,-0.014,1.034,1.034
17128,-0.002,-0.008,1.05,1.05
17148,0.006,-0.012,1.038,1.038
17168,0.014,-0.008,1.026,1.026
17187,0.022,-0.01,1.028,1.028
17207,0.038,-0.006,1.006,1.007
17227,0.03,-0.238,0.94,0.97
17246,0.024,-0.196,0.954,0.974
17266,0.002,-0.096,0.99,0.995
17286,0.016,0.004,0.978,0.978
17305,0.01,0.014,0.992,0.992
17325,0.014,0.01,1.01,1.01
17345,0.04,0.012,1.004,1.005
17365,0.022,0.044,1.0,1.001
17384,0.02,0.062,0.982,0.984
17404,0.036,0.034,0.986,0.987
17424,0.016,0.01,0.978,0.978
17443,0.018,-0.006,0.986,0.986
17463,0.012,-0.026,0.964,0.964
17483,0.038,-0.032,0.98,0.981
17502,0.014,-0.04,1.018,1.019
17522,0.03,-0.016,1.034,1.035
17542,0.028,0.018,0.99,0.991
17561,0.016,0.028,0.984,0.985
17581,0.002,0.024,1.008,1.008
17601,-0.01,0.016,0.996,0.996
17621,-0.01,0.026,0.974,0.974
17640,0.006,-0.008,0.986,0.986
17660,0.01,-0.036,0.958,0.959
17680,-0.002,-0.046,1.004,1.005
17699,0.012,-0.006,0.988,0.988
17719,0.046,0.018,0.966,0.967
17739,0.06,0.014,0.958,0.96
17758,0.028,0.042,0.972,0.973
17778,0.04,0.042,1.002,1.004
17798,0.092,0.106,0.966,0.976
17817,0.14,0.224,1.01,1.044
17837,0.086,0.178,1.024,1.043
17857,0.116,0.046,0.984,0.992
17877,0.006,-0.118,1.062,1.069
17896,-0.062,-0.128,1.08,1.089
17916,-0.094,-0.106,1.044,1.054
17936,-0.05,-0.076,1.032,1.036
17955,-0.02,-0.024,1.018,1.018
17975,0.018,0.0,1.016,1.016
17995,0.06,-0.014,1.034,1.036
18014,0.124,0.012,0.99,0.998
18034,0.094,0.026,1.022,1.027
18054,0.036,0.078,0.996,1.0
18073,0.004,0.098,0.972,0.977
18093,-0.034,0.104,0.992,0.998
18113,0.066,0.022,0.994,0.996
18133,0.03,-0.02,1.038,1.039
18152,-0.02,-0.11,1.1,1.106
18172,-0.028,-0.082,1.066,1.07
18192,-0.06,-0.042,1.026,1.029
18211,-0.108,-0.082,1.07,1.079
18231,-0.094,-0.188,1.028,1.049
18251,-0.112,-0.198,1.016,1.041
18270,-0.074,-0.21,0.988,1.013
18290,-0.072,-0.264,0.976,1.014
18310,-0.118,-0.344,0.972,1.038
18329,-0.13,-0.424,0.99,1.085
18349,-0.172,-0.444,1.006,1.113
18369,-0.21,-0.476,0.974,1.104
18389,-0.206,-0.476,0.922,1.058
18408,-0.154,-0.524,0.876,1.032
18428,-0.206,-0.594,0.838,1.048
18448,-0.21,-0.648,0.842,1.083
18467,-0.152,-0.706,0.836,1.105
18487,-0.186,-0.742,0.724,1.053
18507,-0.17,-0.82,0.66,1.066
18526,-0.182,-0.862,0.598,1.065
18546,-0.178,-0.878,0.516,1.034
18566,-0.132,-0.874,0.444,0.989
18586,-0.086,-0.904,0.416,0.999
18605,-0.056,-0.92,0.358,0.989
18625,-0.052,-0.896,0.332,0.957
18645,-0.034,-0.904,0.338,0.966
18664,0.002,-0.924,0.356,0.99
18684,-0.02,-0.96,0.354,1.023
18704,-0.008,-0.97,0.37,1.038
18723,-0.018,-0.942,0.366,1.011
18743,0.016,-0.948,0.348,1.01
18763,0.022,-0.962,0.314,1.012
18783,0.012,-0.942,0.294,0.987
18802,0.01,-0.926,0.266,0.963
18822,0.014,-0.902,0.238,0.933
18842,0.01,-0.89,0.248,0.924
18861,0.034,-0.892,0.232,0.922
18881,0.004,-0.862,0.24,0.895
18901,-0.01,-0.862,0.256,0.899
18920,-0.012,-0.874,0.284,0.919
18940,0.022,-0.872,0.246,0.906
18960,0.0,-0.88,0.304,0.931
18979,0.006,-0.912,0.3,0.96
18999,-0.01,-0.912,0.322,0.967
19019,-0.002,-0.906,0.296,0.953
19038,0.026,-0.908,0.28,0.951
19058,0.048,-0.918,0.274,0.959
19078,0.066,-0.924,0.308,0.976
19098,0.078,-0.932,0.328,0.991
19117,0.088,-0.934,0.282,0.98
19137,0.088,-0.946,0.3,0.996
19157,0.09,-0.968,0.322,1.024
19176,0.114,-0.966,0.304,1.019
19196,0.12,-0.954,0.322,1.014
19216,0.136,-0.944,0.304,1.001
19235,0.154,-0.93,0.284,0.985
19255,0.17,-0.906,0.26,0.958
19275,0.19,-0.898,0.24,0.949
19294,0.204,-0.864,0.288,0.933
19314,0.21,-0.858,0.278,0.926
19334,0.214,-0.874,0.286,0.944
19354,0.24,-0.896,0.272,0.967
19373,0.21,-0.914,0.284,0.98
19393,0.186,-0.928,0.274,0.985
19413,0.174,-0.95,0.236,0.994
19432,0.18,-0.956,0.266,1.009
19452,0.182,-0.954,0.252,1.003
19472,0.196,-0.974,0.25,1.024
19491,0.198,-0.96,0.19,0.998
19511,0.196,-0.97,0.202,1.01
19531,0.148,-0.974,0.198,1.005
19551,0.144,-0.984,0.218,1.018
19570,0.13,-0.996,0.214,1.027
19590,0.098,-0.996,0.23,1.027
19610,0.078,-1.0,0.256,1.035
19629,0.074,-1.008,0.242,1.039
19649,0.074,-1.0,0.256,1.035
19669,0.082,-1.002,0.278,1.043
19688,0.08,-0.998,0.282,1.04
19708,0.07,-0.982,0.27,1.021
19728,0.068,-0.986,0.292,1.031
19748,0.064,-0.98,0.328,1.035
19767,0.062,-0.976,0.332,1.033
19787,0.064,-0.958,0.312,1.01
19807,0.064,-0.964,0.322,1.018
19826,0.062,-0.974,0.34,1.033
19846,0.052,-0.978,0.31,1.027
19866,0.01,-0.966,0.314,1.016
19885,0.002,-0.956,0.296,1.001
19905,0.0,-0.964,0.34,1.022
19925,0.01,-0.956,0.336,1.013
19945,-0.01,-0.928,0.308,0.978
19964,-0.018,-0.918,0.31,0.969
19984,0.012,-0.928,0.304,0.977
20004,0.01,-0.924,0.306,0.973
20023,0.006,-0.924,0.316,0.977
20043,0.016,-0.958,0.362,1.024
20063,0.022,-0.954,0.35,1.016
20082,0.032,-0.952,0.348,1.014
20102,0.026,-0.958,0.366,1.026
20122,-0.01,-0.954,0.406,1.037
20142,-0.022,-0.956,0.384,1.03
20161,-0.056,-0.964,0.352,1.028
20181,-0.104,-0.97,0.344,1.034
20201,-0.12,-0.974,0.366,1.047
20220,-0.1,-0.978,0.384,1.055
20240,-0.082,-0.942,0.358,1.011
20260,-0.088,-0.92,0.38,0.999
20279,-0.094,-0.902,0.382,0.984
20299,-0.084,-0.882,0.37,0.96
20319,-0.074,-0.844,0.368,0.924
20339,-0.09,-0.852,0.378,0.936
20358,-0.098,-0.88,0.418,0.979
20378,-0.082,-0.9,0.426,0.999
20398,-0.092,-0.912,0.422,1.009
20417,-0.082,-0.922,0.412,1.013
20437,-0.058,-0.936,0.408,1.023
20457,-0.056,-0.942,0.39,1.021
20476,-0.066,-0.926,0.348,0.991
20496,-0.092,-0.942,0.374,1.018
20516,-0.094,-0.952,0.39,1.033
20535,-0.072,-0.952,0.398,1.034
20555,-0.06,-0.938,0.388,1.017
20575,-0.086,-0.932,0.36,1.003
20594,-0.062,-0.93,0.384,1.008
20614,-0.026,-0.932,0.418,1.022
20634,-0.014,-0.918,0.41,1.005
20654,-0.034,-0.9,0.444,1.004
20673,-0.048,-0.892,0.442,0.997
20693,-0.03,-0.898,0.404,0.985
20713,-0.026,-0.918,0.436,1.017
20732,-0.046,-0.932,0.442,1.033
20752,-0.028,-0.938,0.466,1.048
20772,-0.016,-0.948,0.446,1.048
20791,0.01,-0.948,0.438,1.044
20811,0.026,-0.932,0.378,1.006
20831,0.01,-0.912,0.422,1.005
20851,0.022,-0.902,0.426,0.998
20870,0.006,-0.902,0.412,0.992
20890,0.02,-0.888,0.37,0.962
20910,0.026,-0.89,0.414,0.982
20929,0.004,-0.9,0.454,1.008
20949,-0.01,-0.904,0.49,1.028
20969,-0.024,-0.904,0.572,1.07
20988,-0.012,-0.89,0.556,1.049
21008,-0.014,-0.884,0.592,1.064
21028,-0.02,-0.876,0.582,1.052
21048,-0.004,-0.864,0.564,1.032
21067,-0.008,-0.85,0.538,1.006
21087,0.026,-0.858,0.536,1.012
21107,0.022,-0.86,0.55,1.021
21126,0.036,-0.856,0.522,1.003
21146,0.026,-0.87,0.536,1.022
21166,0.026,-0.888,0.522,1.03
21185,0.042,-0.906,0.524,1.047
21205,0.044,-0.9,0.512,1.036
21225,0.042,-0.906,0.446,1.011
21245,0.032,-0.906,0.482,1.027
21264,0.046,-0.902,0.456,1.012
21284,0.024,-0.896,0.456,1.006
21304,0.03,-0.884,0.462,0.998
21323,0.016,-0.868,0.45,0.978
21343,0.042,-0.872,0.44,0.978
21363,0.038,-0.868,0.468,0.987
21382,0.018,-0.88,0.488,1.006
21402,0.018,-0.894,0.52,1.034
21422,0.008,-0.888,0.52,1.029
21442,0.002,-0.894,0.518,1.033
21461,0.006,-0.89,0.554,1.048
21481,0.006,-0.886,0.55,1.043
21501,-0.002,-0.888,0.516,1.027
21520,-0.016,-0.882,0.52,1.024
21540,-0.026,-0.874,0.472,0.994
21560,-0.006,-0.882,0.472,1.0
21579,-0.03,-0.88,0.496,1.011
21599,-0.036,-0.878,0.49,1.006
21619,-0.032,-0.872,0.464,0.988
21638,-0.012,-0.89,0.438,0.992
21658,-0.014,-0.898,0.448,1.004
21678,-0.016,-0.894,0.456,1.004
21698,-0.006,-0.9,0.468,1.014
21717,-0.01,-0.902,0.492,1.028
21737,-0.024,-0.908,0.476,1.025
21757,-0.028,-0.916,0.502,1.045
21776,-0.022,-0.912,0.46,1.022
21796,-0.028,-0.914,0.456,1.022
21816,-0.038,-0.918,0.49,1.041
21836,-0.034,-0.904,0.466,1.018
21855,-0.014,-0.89,0.428,0.988
21875,-0.002,-0.888,0.452,0.996
21895,-0.01,-0.898,0.466,1.012
21914,-0.036,-0.898,0.454,1.007
21934,-0.032,-0.892,0.45,1.0
21954,-0.028,-0.914,0.474,1.03
21973,-0.018,-0.92,0.45,1.024
21993,-0.04,-0.934,0.43,1.029
22013,-0.038,-0.928,0.416,1.018
22033,-0.05,-0.936,0.436,1.034
22052,-0.056,-0.944,0.458,1.051
22072,-0.058,-0.934,0.46,1.043
22092,-0.05,-0.928,0.444,1.03
22111,-0.054,-0.902,0.446,1.008
22131,-0.028,-0.878,0.4,0.965
22151,-0.05,-0.854,0.434,0.959
22170,-0.04,-0.844,0.426,0.946
22190,-0.028,-0.84,0.406,0.933
22210,-0.024,-0.862,0.442,0.969
22229,-0.03,-0.878,0.456,0.99
22249,-0.04,-0.892,0.452,1.001
22269,-0.04,-0.918,0.472,1.033
22289,-0.06,-0.93,0.494,1.055
22308,-0.074,-0.932,0.49,1.056
22328,-0.068,-0.93,0.468,1.043
22348,-0.054,-0.918,0.452,1.025
22367,-0.074,-0.904,0.478,1.025
22387,-0.076,-0.9,0.482,1.024
22407,-0.09,-0.882,0.49,1.013
22426,-0.09,-0.888,0.46,1.004
22446,-0.09,-0.88,0.466,1.0
22466,-0.068,-0.882,0.484,1.008
22486,-0.056,-0.876,0.492,1.006
22505,-0.056,-0.88,0.47,0.999
22525,-0.056,-0.878,0.43,0.979
22545,-0.066,-0.894,0.424,0.992
22564,-0.064,-0.908,0.436,1.009
22584,-0.036,-0.932,0.42,1.023
22604,-0.052,-0.932,0.438,1.031
22623,-0.064,-0.926,0.444,1.029
22643,-0.07,-0.928,0.464,1.04
22663,-0.062,-0.91,0.426,1.007
22683,-0.07,-0.904,0.456,1.015
22702,-0.074,-0.888,0.468,1.007
22722,-0.062,-0.882,0.464,0.999
22742,-0.076,-0.87,0.448,0.982
22761,-0.098,-0.856,0.472,0.982
22781,-0.072,-0.862,0.478,0.988
22801,-0.102,-0.868,0.486,1.0
22820,-0.096,-0.888,0.48,1.014
22840,-0.082,-0.902,0.448,1.01
22860,-0.102,-0.914,0.45,1.024
22880,-0.092,-0.914,0.416,1.008
22899,-0.088,-0.908,0.412,1.001
22919,-0.092,-0.912,0.408,1.003
22939,-0.094,-0.904,0.416,1.0
22958,-0.1,-0.896,0.466,1.015
22978,-0.106,-0.894,0.446,1.005
22998,-0.104,-0.894,0.442,1.003
23017,-0.096,-0.89,0.426,0.991
23037,-0.1,-0.9,0.482,1.026
23057,-0.102,-0.902,0.45,1.013
23076,-0.094,-0.9,0.466,1.018
23096,-0.096,-0.902,0.44,1.008
23116,-0.094,-0.89,0.45,1.002
23136,-0.09,-0.892,0.43,0.994
23155,-0.078,-0.896,0.418,0.992
23175,-0.078,-0.894,0.428,0.994
23195,-0.096,-0.888,0.476,1.012
23214,-0.09,-0.896,0.492,1.026
23234,-0.086,-0.894,0.47,1.014
23254,-0.084,-0.892,0.472,1.013
23273,-0.07,-0.89,0.418,0.986
23293,-0.08,-0.894,0.398,0.982
23313,-0.102,-0.894,0.458,1.01
23333,-0.1,-0.884,0.488,1.015
23352,-0.074,-0.892,0.436,0.996
23372,-0.088,-0.9,0.418,0.996
23392,-0.086,-0.904,0.446,1.012
23411,-0.066,-0.894,0.446,1.001
23431,-0.054,-0.884,0.428,0.984
23451,-0.046,-0.906,0.44,1.008
23470,-0.066,-0.904,0.426,1.002
23490,-0.086,-0.896,0.424,0.995
23510,-0.086,-0.898,0.42,0.995
23530,-0.068,-0.906,0.448,1.013
23549,-0.068,-0.9,0.466,1.016
23569,-0.078,-0.884,0.45,0.995
23589,-0.072,-0.878,0.452,0.99
23608,-0.07,-0.866,0.488,0.996
23628,-0.086,-0.85,0.516,0.998
23648,-0.068,-0.85,0.506,0.992
23667,-0.09,-0.842,0.51,0.989
23687,-0.09,-0.842,0.464,0.966
23707,-0.076,-0.836,0.462,0.958
23727,-0.068,-0.846,0.45,0.961
23746,-0.064,-0.856,0.428,0.959
23766,-0.062,-0.876,0.462,0.992
23786,-0.082,-0.882,0.482,1.008
23805,-0.078,-0.892,0.454,1.004
23825,-0.064,-0.912,0.444,1.016
23845,-0.076,-0.904,0.428,1.003
23864,-0.086,-0.914,0.454,1.024
23884,-0.074,-0.934,0.452,1.04
23904,-0.07,-0.936,0.454,1.043
23924,-0.06,-0.938,0.486,1.058
23943,-0.05,-0.93,0.482,1.049
23963,-0.034,-0.916,0.448,1.02
23983,-0.026,-0.906,0.406,0.993
24002,-0.052,-0.9,0.414,0.992
24022,-0.058,-0.892,0.454,1.003
24042,-0.046,-0.9,0.48,1.021
24061,-0.038,-0.898,0.474,1.016
24081,-0.04,-0.882,0.456,0.994
24101,-0.048,-0.878,0.47,0.997
24120,-0.064,-0.88,0.488,1.008
24140,-0.06,-0.874,0.464,0.991
24160,-0.036,-0.884,0.412,0.976
24180,-0.052,-0.89,0.438,0.993
24199,-0.064,-0.904,0.464,1.018
24219,-0.072,-0.912,0.476,1.031
24239,-0.054,-0.922,0.468,1.035
24258,-0.054,-0.92,0.498,1.048
24278,-0.06,-0.906,0.524,1.048
24298,-0.056,-0.9,0.546,1.054
24317,-0.038,-0.892,0.502,1.024
24337,-0.044,-0.892,0.464,1.006
24357,-0.026,-0.884,0.43,0.983
24377,-0.014,-0.88,0.424,0.977
24396,-0.03,-0.878,0.434,0.98
24416,-0.008,-0.884,0.426,0.981
24436,0.0,-0.888,0.404,0.976
24455,-0.018,-0.884,0.41,0.975
24475,-0.034,-0.894,0.47,1.011
24495,-0.008,-0.9,0.488,1.024
24515,-0.012,-0.892,0.494,1.02
24534,-0.022,-0.888,0.506,1.022
24554,-0.046,-0.89,0.484,1.014
24573,-0.04,-0.904,0.476,1.022
24593,-0.038,-0.918,0.468,1.031
24613,-0.034,-0.93,0.458,1.037
24633,-0.026,-0.938,0.44,1.036
24652,-0.004,-0.944,0.428,1.037
24672,0.006,-0.948,0.428,1.04
24692,-0.014,-0.934,0.414,1.022
24711,-0.012,-0.922,0.41,1.009
24731,-0.028,-0.922,0.434,1.019
24751,-0.034,-0.936,0.456,1.042
24771,-0.024,-0.926,0.478,1.042
24790,-0.022,-0.894,0.438,0.996
24810,-0.046,-0.88,0.436,0.983
24830,-0.026,-0.892,0.46,1.004
24849,-0.012,-0.888,0.432,0.988
24869,-0.01,-0.876,0.424,0.973
24889,-0.02,-0.876,0.424,0.973
24908,-0.036,-0.886,0.462,1.0
24928,-0.03,-0.89,0.456,1.0
24948,-0.04,-0.894,0.476,1.014
24967,-0.036,-0.91,0.524,1.051
24987,-0.042,-0.892,0.474,1.011
25007,-0.03,-0.9,0.504,1.032
25026,-0.046,-0.88,0.534,1.03
25046,-0.048,-0.864,0.502,1.0
25066,-0.05,-0.872,0.498,1.005
25086,-0.03,-0.886,0.496,1.016
25105,-0.05,-0.894,0.522,1.036
25125,-0.05,-0.896,0.544,1.049
25145,-0.038,-0.9,0.516,1.038
25164,-0.004,-0.896,0.472,1.013
25184,0.014,-0.892,0.434,0.992
25204,0.01,-0.902,0.404,0.988
25223,0.008,-0.914,0.426,1.008
25243,-0.008,-0.92,0.398,1.002
25263,0.006,-0.938,0.382,1.013
25283,0.034,-0.944,0.336,1.003
25302,0.008,-0.95,0.336,1.008
25322,-0.014,-0.948,0.346,1.009
25342,-0.018,-0.97,0.368,1.038
25361,-0.024,-0.958,0.384,1.032
25381,-0.038,-0.938,0.356,1.004
25401,-0.044,-0.926,0.34,0.987
25420,-0.076,-0.91,0.344,0.976
25440,-0.078,-0.908,0.32,0.966
25460,-0.076,-0.906,0.322,0.965
25479,-0.074,-0.912,0.296,0.962
25499,-0.088,-0.904,0.278,0.95
25519,-0.09,-0.93,0.258,0.969
25539,-0.126,-0.934,0.284,0.984
25558,-0.11,-0.908,0.242,0.946
25578,-0.1,-0.912,0.228,0.945
25598,-0.12,-0.972,0.228,1.006
25617,-0.154,-1.01,0.178,1.037
25637,-0.204,-1.01,0.126,1.038
25657,-0.28,-1.006,0.08,1.047
25676,-0.274,-1.02,0.022,1.056
25696,-0.296,-1.018,0.0,1.06
25716,-0.272,-1.01,-0.028,1.046
25735,-0.29,-1.014,0.012,1.055
25755,-0.276,-0.988,-0.008,1.026
25775,-0.188,-0.97,-0.044,0.989
25795,-0.26,-0.924,-0.08,0.963
25814,-0.182,-0.92,-0.1,0.943
25834,-0.286,-0.884,-0.068,0.932
25854,-0.3,-0.88,-0.086,0.934
25873,-0.344,-0.87,-0.094,0.94
25893,-0.314,-0.876,-0.148,0.942
25913,-0.31,-0.872,-0.102,0.931
25932,-0.294,-0.898,-0.124,0.953
25952,-0.306,-0.926,-0.09,0.979
25972,-0.304,-0.948,-0.116,1.002
25991,-0.286,-0.976,-0.126,1.025
26011,-0.304,-0.998,-0.13,1.051
26031,-0.36,-1.012,-0.144,1.084
26051,-0.382,-1.016,-0.184,1.101
26070,-0.38,-1.016,-0.176,1.099
26090,-0.376,-1.008,-0.202,1.095
26110,-0.408,-1.0,-0.148,1.09
26129,-0.422,-0.988,-0.112,1.08
26149,-0.432,-0.974,-0.104,1.071
26169,-0.47,-0.962,-0.102,1.076
26188,-0.472,-0.938,-0.114,1.056
26208,-0.468,-0.914,-0.144,1.037
26228,-0.46,-0.886,-0.16,1.011
26247,-0.464,-0.838,-0.172,0.973
26267,-0.47,-0.798,-0.116,0.933
26287,-0.462,-0.788,-0.104,0.919
26307,-0.46,-0.79,-0.088,0.918
26326,-0.474,-0.8,-0.078,0.933
26346,-0.458,-0.808,-0.114,0.936
26366,-0.442,-0.826,-0.124,0.945
26385,-0.436,-0.836,-0.12,0.95
26405,-0.424,-0.866,-0.098,0.969
26425,-0.414,-0.878,-0.122,0.978
26444,-0.406,-0.886,-0.104,0.98
26464,-0.414,-0.896,-0.058,0.989
26484,-0.422,-0.9,-0.056,0.996
26503,-0.416,-0.898,-0.066,0.992
26523,-0.4,-0.9,-0.036,0.986
26543,-0.396,-0.904,-0.074,0.99
26563,-0.4,-0.918,-0.126,1.009
26582,-0.43,-0.928,-0.144,1.033
26602,-0.456,-0.946,-0.136,1.059
26622,-0.484,-0.966,-0.13,1.088
26641,-0.478,-0.958,-0.118,1.077
26661,-0.466,-0.974,-0.132,1.088
26681,-0.486,-0.96,-0.14,1.085
26700,-0.494,-0.94,-0.086,1.065
26720,-0.494,-0.912,-0.118,1.044
26740,-0.506,-0.874,-0.094,1.014
26759,-0.498,-0.854,-0.084,0.992
26779,-0.502,-0.838,-0.068,0.979
26799,-0.478,-0.836,-0.044,0.964
26818,-0.474,-0.814,-0.088,0.946
26838,-0.462,-0.796,-0.102,0.926
26858,-0.452,-0.804,-0.06,0.924
26878,-0.456,-0.804,-0.094,0.929
26897,-0.45,-0.824,-0.052,0.94
26917,-0.466,-0.83,-0.044,0.953
26937,-0.494,-0.842,-0.072,0.979
26956,-0.526,-0.828,-0.074,0.984
26976,-0.528,-0.796,-0.048,0.956
26996,-0.52,-0.778,-0.034,0.936
27016,-0.56,-0.762,-0.066,0.948
27035,-0.562,-0.762,-0.048,0.948
27055,-0.564,-0.772,-0.048,0.957
27075,-0.554,-0.728,-0.064,0.917
27094,-0.516,-0.73,-0.06,0.896
27114,-0.51,-0.7,-0.126,0.875
27134,-0.496,-0.682,-0.106,0.85
27153,-0.488,-0.704,-0.146,0.869
27173,-0.466,-0.76,-0.156,0.905
27193,-0.436,-0.828,-0.158,0.949
27212,-0.434,-0.892,-0.18,1.008
27232,-0.45,-0.954,-0.148,1.065
27252,-0.454,-0.99,-0.172,1.103
27272,-0.45,-1.02,-0.19,1.131
27291,-0.448,-1.028,-0.192,1.138
27311,-0.456,-1.004,-0.198,1.12
27331,-0.462,-0.962,-0.214,1.088
27350,-0.426,-0.94,-0.208,1.053
27370,-0.476,-0.928,-0.16,1.055
27390,-0.51,-0.918,-0.164,1.063
27409,-0.504,-0.91,-0.198,1.059
27429,-0.526,-0.916,-0.182,1.072
27449,-0.522,-0.904,-0.186,1.06
27468,-0.57,-0.894,-0.182,1.076
27488,-0.576,-0.874,-0.174,1.061
27508,-0.588,-0.848,-0.2,1.051
27527,-0.562,-0.826,-0.156,1.011
27547,-0.534,-0.78,-0.168,0.96
27567,-0.536,-0.744,-0.146,0.929
27587,-0.554,-0.744,-0.13,0.937
27606,-0.554,-0.76,-0.12,0.948
27626,-0.57,-0.784,-0.142,0.98
27646,-0.59,-0.806,-0.18,1.015
27665,-0.63,-0.808,-0.182,1.041
27685,-0.648,-0.798,-0.198,1.047
27705,-0.632,-0.766,-0.188,1.011
27724,-0.692,-0.65,-0.174,0.965
27744,-0.738,-0.6,-0.188,0.97
27764,-0.772,-0.568,-0.15,0.97
27784,-0.76,-0.568,-0.154,0.961
27803,-0.79,-0.58,-0.13,0.989
27823,-0.776,-0.558,-0.108,0.962
27843,-0.802,-0.548,-0.142,0.982
27862,-0.83,-0.66,-0.194,1.078
27882,-0.826,-0.732,-0.178,1.118
27902,-0.806,-0.714,-0.104,1.082
27921,-0.77,-0.728,-0.108,1.065
27941,-0.802,-0.61,-0.066,1.01
27961,-0.826,-0.57,-0.098,1.008
27980,-0.72,-0.546,-0.128,0.913
28000,-0.73,-0.548,-0.074,0.916
28020,-0.832,-0.468,-0.05,0.956
28040,-0.866,-0.37,-0.06,0.944
28059,-0.912,-0.348,-0.054,0.978
28079,-0.97,-0.322,-0.028,1.022
28099,-0.992,-0.294,-0.02,1.035
28118,-1.026,-0.282,0.008,1.064
28138,-1.046,-0.284,0.03,1.084
28158,-1.03,-0.276,0.052,1.068
28177,-1.024,-0.294,0.052,1.067
28197,-1.102,-0.33,0.036,1.151
28217,-1.172,-0.382,-0.034,1.233
28237,-1.206,-0.348,-0.15,1.264
28256,-1.184,-0.326,-0.166,1.239
28276,-1.104,-0.31,-0.21,1.166
28296,-1.06,-0.258,-0.11,1.096
28315,-0.968,-0.302,-0.008,1.014
28335,-0.922,-0.306,0.124,0.979
28355,-0.878,-0.334,0.244,0.971
28374,-0.826,-0.336,0.24,0.923
28394,-0.782,-0.35,0.196,0.879
28414,-0.712,-0.364,0.242,0.835
28433,-0.684,-0.362,0.304,0.831
28453,-0.712,-0.38,0.336,0.874
28473,-0.774,-0.368,0.346,0.924
28493,-0.82,-0.35,0.32,0.947
28512,-0.848,-0.332,0.278,0.952
28532,-0.846,-0.31,0.328,0.959
28552,-0.866,-0.21,0.334,0.952
28571,-0.89,-0.2,0.332,0.971
28591,-0.846,-0.246,0.372,0.956
28611,-0.864,-0.272,0.266,0.944
28630,-0.876,-0.282,0.244,0.952
28650,-0.868,-0.304,0.306,0.969
28670,-0.884,-0.218,0.256,0.946
28689,-0.892,-0.212,0.29,0.962
28709,-0.876,-0.222,0.304,0.953
28729,-0.894,-0.202,0.314,0.969
28749,-0.888,-0.2,0.274,0.951
28768,-0.9,-0.18,0.262,0.954
28788,-0.922,-0.182,0.312,0.99
28808,-0.91,-0.2,0.336,0.99
28827,-0.938,-0.188,0.318,1.008
28847,-0.994,-0.194,0.292,1.054
28867,-1.026,-0.216,0.314,1.094
28887,-0.99,-0.272,0.316,1.074
28906,-0.93,-0.306,0.346,1.038
28926,-0.814,-0.352,0.382,0.966
28946,-0.892,-0.316,0.35,1.009
28965,-0.958,-0.286,0.308,1.046
28985,-0.934,-0.288,0.26,1.011
29005,-0.92,-0.32,0.238,1.003
29024,-0.878,-0.276,0.16,0.934
29044,-0.85,-0.232,0.148,0.893
29064,-0.86,-0.19,0.142,0.892
29084,-0.896,-0.176,0.21,0.937
29103,-0.896,-0.18,0.24,0.945
29123,-0.922,-0.18,0.224,0.966
29143,-0.932,-0.172,0.264,0.984
29162,-0.93,-0.158,0.226,0.97
29182,-0.926,-0.176,0.232,0.971
29202,-0.944,-0.174,0.234,0.988
29221,-0.946,-0.166,0.236,0.989
29241,-0.944,-0.18,0.276,1.0
29261,-0.936,-0.188,0.28,0.995
29280,-0.946,-0.19,0.294,1.009
29300,-0.95,-0.182,0.264,1.003
29320,-0.958,-0.188,0.28,1.016
29340,-0.94,-0.178,0.274,0.995
29359,-0.944,-0.174,0.258,0.994
29379,-0.94,-0.172,0.246,0.987
29399,-0.948,-0.178,0.278,1.004
29418,-0.942,-0.172,0.248,0.989
29438,-0.944,-0.172,0.236,0.988
29458,-0.94,-0.164,0.22,0.979
29477,-0.944,-0.162,0.226,0.984
29497,-0.934,-0.17,0.22,0.975
29517,-0.936,-0.156,0.174,0.965
29537,-0.96,-0.158,0.214,0.996
29556,-0.948,-0.158,0.202,0.982
29576,-0.948,-0.156,0.164,0.975
29596,-0.948,-0.162,0.204,0.983
29615,-0.958,-0.164,0.23,0.999
29635,-0.926,-0.182,0.232,0.972
29655,-0.94,-0.168,0.236,0.984
29674,-0.958,-0.166,0.214,0.996
29694,-0.944,-0.172,0.212,0.983
29714,-0.962,-0.17,0.194,0.996
29733,-0.972,-0.162,0.232,1.012
29753,-0.972,-0.15,0.2,1.004
29773,-0.962,-0.144,0.198,0.993
29793,-0.958,-0.144,0.214,0.992
29812,-0.956,-0.144,0.232,0.994
29832,-0.952,-0.152,0.26,0.999
29852,-0.95,-0.15,0.236,0.99
29871,-0.968,-0.14,0.224,1.003
29891,-0.978,-0.122,0.228,1.012
29911,-0.976,-0.126,0.268,1.02
29930,-0.96,-0.134,0.274,1.007
29950,-0.938,-0.148,0.244,0.98
29970,-0.928,-0.162,0.274,0.981
29989,-0.93,-0.17,0.244,0.976
30009,-0.932,-0.172,0.244,0.979
30029,-0.956,-0.164,0.266,1.006
30049,-0.95,-0.17,0.242,0.995
30068,-0.964,-0.17,0.232,1.006
30088,-0.98,-0.158,0.282,1.032
30108,-0.966,-0.152,0.288,1.019
30127,-0.954,-0.15,0.256,0.999
30147,-0.966,-0.154,0.268,1.014
30167,-0.96,-0.162,0.23,1.0
30186,-0.952,-0.172,0.228,0.994
30206,-0.934,-0.188,0.238,0.982
30226,-0.92,-0.19,0.202,0.961
30245,-0.93,-0.194,0.216,0.974
30265,-0.94,-0.204,0.222,0.987
30285,-0.952,-0.218,0.24,1.006
30305,-0.952,-0.222,0.23,1.004
30324,-0.968,-0.23,0.248,1.025
30344,-0.97,-0.236,0.274,1.035
30364,-0.956,-0.232,0.234,1.011
30383,-0.956,-0.232,0.232,1.011
30403,-0.946,-0.234,0.186,0.992
30423,-0.94,-0.23,0.224,0.993
30442,-0.918,-0.24,0.236,0.978
30462,-0.912,-0.24,0.216,0.967
30482,-0.912,-0.252,0.22,0.971
30502,-0.906,-0.244,0.24,0.968
30521,-0.922,-0.232,0.226,0.977
30541,-0.916,-0.234,0.198,0.966
30561,-0.92,-0.228,0.178,0.964
30580,-0.922,-0.23,0.182,0.968
30600,-0.932,-0.254,0.246,0.997
30620,-0.936,-0.236,0.218,0.99
30639,-0.928,-0.238,0.228,0.985
30659,-0.936,-0.218,0.216,0.985
30679,-0.934,-0.226,0.222,0.986
30699,-0.926,-0.22,0.208,0.974
30718,-0.918,-0.228,0.218,0.971
30738,-0.934,-0.22,0.232,0.987
30758,-0.938,-0.228,0.272,1.003
30777,-0.952,-0.228,0.28,1.018
30797,-0.93,-0.24,0.266,0.997
30817,-0.936,-0.236,0.3,1.011
30836,-0.944,-0.22,0.246,1.0
30856,-0.942,-0.196,0.222,0.987
30876,-0.944,-0.186,0.232,0.99
30895,-0.944,-0.176,0.25,0.992
30915,-0.932,-0.192,0.28,0.992
30935,-0.948,-0.182,0.262,1.0
30955,-0.942,-0.19,0.258,0.995
30974,-0.926,-0.192,0.248,0.978
30994,-0.932,-0.186,0.26,0.985
31014,-0.934,-0.19,0.26,0.988
31033,-0.92,-0.198,0.282,0.982
31053,-0.95,-0.2,0.292,1.014
31073,-0.944,-0.194,0.27,1.001
31092,-0.916,-0.198,0.254,0.971
31112,-0.948,-0.192,0.282,1.008
31132,-0.946,-0.18,0.254,0.996
31152,-0.944,-0.178,0.27,0.998
31171,-0.93,-0.186,0.292,0.992
31191,-0.906,-0.194,0.276,0.967
31211,-0.914,-0.204,0.28,0.977
31230,-0.912,-0.204,0.264,0.971
31250,-0.916,-0.196,0.232,0.965
31270,-0.944,-0.186,0.254,0.995
31289,-0.93,-0.202,0.276,0.991
31309,-0.918,-0.196,0.242,0.969
31329,-0.926,-0.2,0.256,0.981
31348,-0.91,-0.216,0.216,0.96
31368,-0.938,-0.222,0.276,1.003
31388,-0.932,-0.216,0.23,0.984
31408,-0.944,-0.198,0.244,0.995
31427,-0.936,-0.192,0.228,0.982
31447,-0.944,-0.178,0.218,0.985
31467,-0.95,-0.174,0.214,0.989
31486,-0.936,-0.158,0.192,0.968
31506,-0.932,-0.16,0.222,0.971
31526,-0.948,-0.158,0.248,0.993
31546,-0.96,-0.142,0.244,1.001
31565,-0.962,-0.138,0.224,0.997
31585,-0.948,-0.134,0.184,0.975
31605,-0.952,-0.144,0.192,0.982
31624,-0.952,-0.156,0.204,0.986
31644,-0.966,-0.178,0.19,1.0
31664,-0.966,-0.188,0.206,1.005
31683,-0.966,-0.198,0.22,1.01
31703,-0.95,-0.196,0.212,0.993
31723,-0.974,-0.182,0.232,1.018
31742,-0.956,-0.182,0.222,0.998
31762,-0.95,-0.178,0.184,0.984
31782,-0.936,-0.17,0.182,0.969
31802,-0.94,-0.154,0.19,0.971
31821,-0.938,-0.15,0.216,0.974
31841,-0.932,-0.146,0.226,0.97
31861,-0.952,-0.158,0.236,0.993
31880,-0.928,-0.164,0.196,0.963
31900,-0.928,-0.182,0.222,0.971
31920,-0.944,-0.184,0.226,0.988
31939,-0.96,-0.186,0.216,1.001
31959,-0.982,-0.178,0.244,1.027
31979,-0.978,-0.174,0.272,1.03
31998,-0.96,-0.174,0.252,1.008
32018,-0.972,-0.176,0.268,1.024
32038,-0.96,-0.168,0.234,1.002
32058,-0.932,-0.188,0.234,0.979
32077,-0.962,-0.186,0.224,1.005
32097,-0.96,-0.188,0.254,1.011
32117,-0.954,-0.19,0.256,1.006
32136,-0.938,-0.198,0.24,0.988
32156,-0.936,-0.228,0.22,0.988
32176,-0.944,-0.21,0.224,0.993
32195,-0.946,-0.214,0.232,0.997
32215,-0.94,-0.214,0.228,0.991
32235,-0.926,-0.212,0.23,0.977
32254,-0.92,-0.214,0.246,0.976
32274,-0.95,-0.212,0.242,1.003
32294,-0.972,-0.202,0.266,1.028
32314,-0.956,-0.194,0.248,1.007
32333,-0.962,-0.198,0.26,1.016
32353,-0.974,-0.184,0.226,1.017
32373,-0.972,-0.176,0.21,1.01
32392,-0.988,-0.182,0.21,1.026
32412,-0.998,-0.162,0.224,1.036
32432,-0.984,-0.122,0.19,1.01
32451,-0.932,-0.154,0.182,0.962
32471,-0.9,-0.152,0.198,0.934
32491,-0.91,-0.1,0.216,0.941
32511,-0.928,-0.116,0.174,0.951
32530,-0.942,-0.122,0.16,0.963
32550,-0.936,-0.108,0.138,0.952
32570,-0.922,-0.104,0.122,0.936
32589,-0.934,-0.092,0.144,0.95
32609,-0.898,-0.126,0.134,0.917
32629,-0.924,-0.12,0.158,0.945
32648,-0.948,-0.09,0.134,0.962
32668,-0.97,-0.05,0.132,0.98
32688,-0.972,-0.024,0.132,0.981
32707,-0.976,-0.016,0.162,0.989
32727,-0.978,-0.01,0.174,0.993
32747,-0.982,-0.016,0.166,0.996
32767,-0.98,-0.012,0.166,0.994
32786,-0.96,-0.024,0.148,0.972
32806,-0.964,-0.018,0.148,0.975
32826,-0.98,-0.01,0.164,0.994
32845,-0.958,-0.036,0.178,0.975
32865,-0.966,-0.03,0.182,0.983
32885,-0.96,-0.03,0.182,0.978
32904,-0.968,-0.004,0.156,0.98
32924,-0.974,-0.004,0.154,0.986
32944,-0.958,-0.004,0.124,0.966
32964,-0.966,-0.014,0.168,0.981
32983,-0.984,-0.006,0.144,0.994
33003,-0.986,-0.01,0.136,0.995
33023,-0.992,-0.02,0.104,0.998
33042,-0.986,-0.026,0.108,0.992
33062,-0.994,-0.024,0.106,1.0
33082,-0.982,-0.02,0.1,0.987
33101,-0.998,-0.026,0.148,1.009
33121,-1.002,-0.032,0.162,1.016
33141,-0.996,-0.044,0.188,1.015
33161,-0.988,-0.054,0.174,1.005
33180,-0.974,-0.04,0.16,0.988
33200,-0.968,-0.04,0.19,0.987
33220,-0.964,-0.038,0.18,0.981
33239,-0.974,-0.026,0.186,0.992
33259,-0.98,-0.016,0.162,0.993
33279,-0.978,-0.012,0.152,0.99
33298,-0.99,-0.002,0.124,0.998
33318,-0.98,-0.02,0.156,0.993
33338,-0.98,-0.018,0.122,0.988
33357,-0.988,-0.03,0.132,0.997
33377,-0.968,-0.056,0.164,0.983
33397,-0.976,-0.078,0.176,0.995
33416,-0.97,-0.098,0.204,0.996
33436,-0.98,-0.098,0.202,1.005
33456,-1.006,-0.086,0.202,1.03
33476,-0.996,-0.092,0.21,1.022
33495,-0.976,-0.078,0.2,0.999
33515,-0.982,-0.056,0.182,1.0
33535,-0.96,-0.052,0.184,0.979
33554,-0.958,-0.048,0.2,0.98
33574,-0.954,-0.044,0.184,0.973
33594,-0.968,-0.052,0.152,0.981
33613,-0.966,-0.062,0.15,0.98
33633,-0.954,-0.066,0.136,0.966
33653,-0.958,-0.064,0.134,0.969
33672,-0.954,-0.068,0.174,0.972
33692,-0.968,-0.058,0.168,0.984
33712,-0.968,-0.052,0.186,0.987
33732,-0.964,-0.066,0.178,0.983
33751,-0.964,-0.07,0.186,0.984
33771,-0.956,-0.074,0.196,0.979
33791,-0.966,-0.078,0.178,0.985
33810,-0.958,-0.088,0.196,0.982
33830,-0.954,-0.098,0.226,0.985
33850,-0.96,-0.086,0.186,0.982
33870,-0.956,-0.082,0.21,0.982
33889,-0.946,-0.1,0.2,0.972
33909,-0.932,-0.116,0.198,0.96
33929,-0.932,-0.118,0.196,0.96
33948,-0.926,-0.114,0.2,0.954
33968,-0.94,-0.106,0.192,0.965
33988,-0.93,-0.122,0.216,0.963
34007,-0.92,-0.122,0.216,0.953
34027,-0.914,-0.126,0.18,0.94
34047,-0.904,-0.144,0.158,0.929
34066,-0.894,-0.162,0.18,0.926
34086,-0.904,-0.168,0.206,0.942
34106,-0.906,-0.19,0.202,0.947
34125,-0.926,-0.212,0.26,0.985
34145,-0.996,-0.198,0.256,1.047
34165,-1.036,-0.176,0.248,1.08
34185,-1.06,-0.142,0.262,1.101
34204,-1.084,-0.12,0.32,1.137
34224,-1.108,-0.086,0.332,1.16
34244,-1.096,-0.068,0.3,1.138
34263,-1.07,-0.078,0.302,1.115
34283,-1.042,-0.12,0.34,1.103
34303,-1.012,-0.14,0.306,1.066
34322,-1.002,-0.134,0.284,1.05
34342,-0.994,-0.086,0.224,1.023
34362,-0.948,-0.03,0.172,0.964
34382,-0.95,0.032,0.148,0.962
34401,-0.938,0.076,0.142,0.952
34421,-0.932,0.11,0.184,0.956
34441,-0.908,0.094,0.196,0.934
34460,-0.91,0.094,0.182,0.933
34480,-0.894,0.076,0.174,0.914
34500,-0.902,0.07,0.144,0.916
34519,-0.904,0.072,0.156,0.92
34539,-0.91,0.058,0.17,0.928
34559,-0.964,0.058,0.186,0.983
34578,-0.994,0.03,0.178,1.01
34598,-1.008,-0.004,0.2,1.028
34618,-1.002,-0.044,0.228,1.029
34638,-0.98,-0.056,0.234,1.009
34657,-0.972,-0.054,0.19,0.992
34677,-0.958,-0.058,0.166,0.974
34697,-0.95,-0.056,0.158,0.965
34716,-0.96,-0.054,0.166,0.976
34736,-0.95,-0.066,0.19,0.971
34756,-0.934,-0.07,0.198,0.957
34775,-0.958,-0.072,0.172,0.976
34795,-0.944,-0.078,0.158,0.96
34815,-0.984,-0.074,0.182,1.003
34834,-0.99,-0.074,0.166,1.007
34854,-0.976,-0.072,0.178,0.995
34874,-0.978,-0.08,0.188,0.999
34894,-0.974,-0.088,0.186,0.995
34913,-0.968,-0.088,0.166,0.986
34933,-0.946,-0.084,0.134,0.959
34953,-0.944,-0.09,0.148,0.96
34972,-0.942,-0.082,0.124,0.954
34992,-0.928,-0.09,0.112,0.939
35012,-0.916,-0.078,0.092,0.924
35031,-0.93,-0.096,0.148,0.947
35051,-0.936,-0.096,0.142,0.952
35071,-0.948,-0.1,0.15,0.965
35090,-0.942,-0.112,0.134,0.958
35110,-0.948,-0.126,0.17,0.971
35130,-0.95,-0.138,0.16,0.973
35150,-0.94,-0.142,0.138,0.961
35169,-0.952,-0.126,0.14,0.97
35189,-0.974,-0.126,0.154,0.994
35209,-1.022,-0.148,0.148,1.043
35228,-1.046,-0.12,0.152,1.064
35248,-1.048,-0.12,0.194,1.073
35268,-1.058,-0.128,0.24,1.092
35287,-1.064,-0.12,0.268,1.104
35307,-1.088,-0.09,0.238,1.117
35327,-1.106,-0.034,0.228,1.13
35347,-1.084,0.028,0.188,1.101
35366,-1.052,0.076,0.152,1.066
35386,-0.986,0.15,0.134,1.006
35406,-0.958,0.174,0.144,0.984
35425,-0.942,0.188,0.18,0.977
35445,-0.94,0.162,0.18,0.971
35465,-0.94,0.13,0.216,0.973
35484,-0.946,0.062,0.246,0.979
35504,-0.954,-0.006,0.242,0.984
35524,-1.0,-0.05,0.212,1.023
35543,-1.032,-0.08,0.142,1.045
35563,-1.04,-0.09,0.156,1.055
35583,-1.038,-0.084,0.172,1.056
35603,-0.994,-0.1,0.222,1.023
35622,-0.964,-0.106,0.268,1.006
35642,-0.92,-0.11,0.246,0.959
35662,-0.916,-0.092,0.244,0.952
35681,-0.876,-0.068,0.168,0.895
35701,-0.856,-0.076,0.208,0.884
35721,-0.86,-0.08,0.176,0.881
35740,-0.882,-0.088,0.174,0.903
35760,-0.874,-0.124,0.16,0.897
35780,-0.904,-0.138,0.14,0.925
35800,-0.918,-0.16,0.176,0.948
35819,-0.916,-0.182,0.164,0.948
35839,-0.924,-0.196,0.174,0.96
35859,-0.914,-0.214,0.214,0.963
35878,-0.9,-0.198,0.178,0.939
35898,-0.888,-0.206,0.18,0.929
35918,-0.91,-0.208,0.208,0.956
35937,-0.91,-0.2,0.202,0.953
35957,-0.928,-0.192,0.176,0.964
35977,-0.94,-0.218,0.208,0.987
35996,-0.944,-0.238,0.206,0.995
36016,-0.918,-0.264,0.208,0.978
36036,-0.922,-0.306,0.194,0.991
36055,-0.934,-0.334,0.226,1.017
36075,-0.982,-0.326,0.222,1.058
36095,-1.042,-0.284,0.256,1.11
36115,-1.048,-0.25,0.216,1.099
36134,-1.074,-0.19,0.216,1.112
36154,-1.076,-0.128,0.234,1.109
36174,-1.142,-0.068,0.18,1.158
36193,-1.156,-0.082,0.226,1.181
36213,-1.074,-0.136,0.262,1.114
36233,-0.97,-0.192,0.298,1.033
36252,-0.96,-0.164,0.266,1.01
36272,-0.962,-0.132,0.22,0.996
36292,-0.958,-0.058,0.15,0.971
36312,-0.918,0.0,0.124,0.926
36331,-0.888,0.038,0.116,0.896
36351,-0.886,0.08,0.104,0.896
36371,-0.908,0.076,0.13,0.92
36390,-0.894,0.02,0.152,0.907
36410,-0.888,-0.02,0.184,0.907
36430,-0.912,-0.07,0.216,0.94
36449,-0.952,-0.102,0.2,0.978
36469,-0.972,-0.122,0.198,0.999
36489,-0.966,-0.112,0.198,0.992
36508,-0.962,-0.102,0.158,0.98
36528,-0.938,-0.102,0.192,0.963
36548,-0.936,-0.124,0.168,0.959
36568,-0.946,-0.136,0.148,0.967
36587,-0.95,-0.134,0.164,0.973
36607,-0.948,-0.128,0.148,0.968
36627,-0.936,-0.146,0.172,0.963
36646,-0.936,-0.144,0.182,0.964
36666,-0.928,-0.132,0.144,0.948
36686,-0.934,-0.138,0.178,0.961
36705,-0.908,-0.158,0.176,0.938
36725,-0.928,-0.156,0.176,0.957
36745,-0.946,-0.156,0.128,0.967
36765,-0.946,-0.172,0.118,0.969
36784,-0.964,-0.178,0.154,0.992
36804,-0.962,-0.17,0.146,0.988
36824,-0.944,-0.172,0.142,0.97
36843,-0.948,-0.168,0.146,0.974
36863,-0.958,-0.156,0.132,0.98
36883,-0.936,-0.15,0.132,0.957
36902,-0.94,-0.162,0.132,0.963
36922,-0.958,-0.166,0.13,0.981
36942,-0.976,-0.194,0.148,1.006
36961,-0.97,-0.216,0.108,1.0
36981,-0.976,-0.242,0.138,1.015
37001,-1.016,-0.25,0.168,1.06
37021,-1.034,-0.236,0.148,1.071
37040,-1.034,-0.202,0.152,1.064
37060,-1.044,-0.174,0.164,1.071
37080,-1.07,-0.14,0.19,1.096
37099,-1.082,-0.082,0.186,1.101
37119,-1.08,-0.04,0.248,1.109
37139,-1.094,0.012,0.24,1.12
37158,-1.068,0.046,0.206,1.089
37178,-1.022,0.064,0.178,1.039
37198,-0.962,0.064,0.164,0.978
37218,-0.93,0.078,0.184,0.951
37237,-0.902,0.1,0.264,0.945
37257,-0.88,0.08,0.302,0.934
37277,-0.92,0.046,0.316,0.974
37296,-0.952,-0.016,0.278,0.992
37316,-0.988,-0.086,0.252,1.023
37336,-1.022,-0.144,0.206,1.052
37355,-1.014,-0.176,0.218,1.052
37375,-0.954,-0.19,0.212,0.996
37395,-0.918,-0.178,0.204,0.957
37414,-0.888,-0.144,0.218,0.926
37434,-0.89,-0.108,0.234,0.927
37454,-0.884,-0.082,0.242,0.92
37474,-0.872,-0.072,0.226,0.904
37493,-0.884,-0.086,0.242,0.921
37513,-0.892,-0.118,0.27,0.939
37533,-0.91,-0.154,0.244,0.955
37552,-0.92,-0.18,0.232,0.966
37572,-0.91,-0.202,0.21,0.956
37592,-0.886,-0.24,0.202,0.94
37612,-0.86,-0.246,0.172,0.911
37631,-0.852,-0.256,0.2,0.912
37651,-0.868,-0.238,0.244,0.933
37671,-0.856,-0.236,0.218,0.914
37690,-0.87,-0.226,0.234,0.929
37710,-0.866,-0.232,0.228,0.925
37730,-0.898,-0.238,0.248,0.962
37749,-0.902,-0.268,0.192,0.96
37769,-0.906,-0.302,0.16,0.968
37789,-0.944,-0.322,0.176,1.013
37808,-0.936,-0.356,0.19,1.019
37828,-0.914,-0.388,0.188,1.011
37848,-0.91,-0.408,0.196,1.016
37868,-0.94,-0.394,0.21,1.041
37887,-0.998,-0.366,0.218,1.085
37907,-1.07,-0.29,0.226,1.131
37927,-1.138,-0.212,0.202,1.175
37946,-1.164,-0.128,0.172,1.184
37966,-1.164,-0.076,0.182,1.181
37986,-1.118,-0.084,0.262,1.151
38005,-0.95,-0.134,0.292,1.003
38025,-0.942,-0.142,0.298,0.998
38045,-0.952,-0.148,0.252,0.996
38065,-0.948,-0.138,0.136,0.968
38084,-0.93,-0.07,0.09,0.937
38104,-0.904,-0.028,0.096,0.91
38124,-0.906,0.026,0.108,0.913
38143,-0.904,0.022,0.118,0.912
38163,-0.93,-0.02,0.212,0.954
38183,-0.93,-0.074,0.232,0.961
38202,-0.948,-0.15,0.252,0.992
38222,-0.96,-0.202,0.212,1.004
38242,-0.958,-0.194,0.23,1.004
38261,-0.948,-0.178,0.206,0.986
38281,-0.932,-0.174,0.136,0.958
38301,-0.908,-0.18,0.092,0.93
38321,-0.914,-0.196,0.128,0.944
38340,-0.912,-0.208,0.082,0.939
38360,-0.93,-0.222,0.11,0.962
38380,-0.95,-0.21,0.098,0.978
38399,-0.958,-0.204,0.134,0.989
38419,-0.928,-0.204,0.134,0.96
38439,-0.918,-0.22,0.148,0.956
38459,-0.918,-0.218,0.154,0.956
38478,-0.926,-0.228,0.156,0.966
38498,-0.922,-0.236,0.134,0.961
38518,-0.912,-0.252,0.132,0.955
38537,-0.94,-0.24,0.108,0.976
38557,-0.934,-0.228,0.126,0.97
38577,-0.94,-0.218,0.128,0.973
38596,-0.94,-0.224,0.108,0.972
38616,-0.954,-0.234,0.16,0.995
38636,-0.946,-0.234,0.13,0.983
38655,-0.944,-0.238,0.154,0.986
38675,-0.95,-0.26,0.118,0.992
38695,-0.982,-0.278,0.142,1.03
38714,-1.016,-0.3,0.162,1.072
38734,-1.024,-0.314,0.134,1.079
38754,-1.024,-0.29,0.124,1.071
38774,-1.024,-0.258,0.074,1.059
38793,-1.048,-0.23,0.13,1.081
38813,-1.076,-0.182,0.16,1.103
38833,-1.076,-0.128,0.186,1.099
38852,-1.048,-0.09,0.208,1.072
38872,-1.064,-0.044,0.232,1.09
38892,-1.054,-0.002,0.208,1.074
38912,-1.028,0.018,0.18,1.044
38931,-0.982,0.024,0.192,1.001
38951,-0.944,0.022,0.27,0.982
38971,-0.916,-0.02,0.318,0.97
38990,-0.916,-0.1,0.264,0.959
39010,-0.968,-0.176,0.204,1.005
39030,-1.002,-0.208,0.188,1.04
39049,-1.016,-0.206,0.192,1.054
39069,-0.978,-0.182,0.166,1.009
39089,-0.93,-0.166,0.162,0.958
39108,-0.902,-0.142,0.168,0.928
39128,-0.882,-0.158,0.194,0.917
39148,-0.88,-0.158,0.208,0.918
39168,-0.862,-0.162,0.22,0.904
39187,-0.836,-0.156,0.228,0.88
39207,-0.832,-0.182,0.216,0.879
39227,-0.856,-0.2,0.204,0.902
39246,-0.854,-0.236,0.152,0.899
39266,-0.872,-0.27,0.164,0.927
39286,-0.874,-0.29,0.124,0.929
39305,-0.85,-0.304,0.136,0.913
39325,-0.842,-0.302,0.164,0.909
39345,-0.846,-0.304,0.166,0.914
39365,-0.858,-0.308,0.216,0.937
39384,-0.862,-0.306,0.23,0.943
39404,-0.874,-0.29,0.24,0.952
39424,-0.892,-0.302,0.224,0.968
39443,-0.908,-0.342,0.25,1.002
39463,-0.916,-0.376,0.248,1.021
39483,-0.894,-0.424,0.248,1.02
39502,-0.892,-0.446,0.274,1.034
39522,-0.932,-0.454,0.238,1.064
39542,-1.02,-0.414,0.258,1.131
39562,-1.086,-0.336,0.276,1.17
39581,-1.198,-0.274,0.264,1.257
39601,-1.212,-0.172,0.194,1.239
39621,-1.23,-0.106,0.248,1.259
39640,-1.098,-0.118,0.248,1.132
39660,-0.968,-0.158,0.32,1.032
39680,-0.942,-0.184,0.274,0.998
39699,-0.908,-0.194,0.166,0.943
39719,-0.91,-0.194,0.114,0.937
39739,-0.908,-0.11,0.08,0.918
39758,-0.888,-0.022,0.064,0.891
39778,-0.882,0.002,0.096,0.887
39798,-0.872,-0.038,0.128,0.882
39818,-0.892,-0.088,0.192,0.917
39837,-0.9,-0.152,0.192,0.933
39857,-0.91,-0.19,0.202,0.951
39877,-0.924,-0.21,0.174,0.963
39896,-0.934,-0.21,0.142,0.968
39916,-0.922,-0.212,0.136,0.956
39936,-0.936,-0.214,0.13,0.969
39955,-0.92,-0.218,0.144,0.956
39975,-0.926,-0.238,0.142,0.967
39995,-0.926,-0.24,0.13,0.965
40014,-0.918,-0.252,0.152,0.964
40034,-0.922,-0.244,0.208,0.976
40054,-0.916,-0.242,0.22,0.973
40074,-0.906,-0.236,0.186,0.955
40093,-0.902,-0.242,0.174,0.95
40113,-0.902,-0.234,0.13,0.941
40133,-0.92,-0.248,0.194,0.972
40152,-0.924,-0.262,0.158,0.973
40172,-0.924,-0.276,0.104,0.97
40192,-0.922,-0.28,0.098,0.969
40212,-0.932,-0.27,0.098,0.975
40231,-0.94,-0.27,0.12,0.985
40251,-0.936,-0.264,0.156,0.985
40271,-0.94,-0.262,0.156,0.988
40290,-0.952,-0.268,0.2,1.009
40310,-0.948,-0.27,0.182,1.002
40330,-0.966,-0.276,0.202,1.025
40349,-0.968,-0.298,0.182,1.029
40369,-0.992,-0.306,0.126,1.046
40389,-1.016,-0.318,0.116,1.071
40408,-1.026,-0.32,0.16,1.087
40428,-1.04,-0.312,0.164,1.098
40448,-1.056,-0.286,0.18,1.109
40468,-1.05,-0.24,0.192,1.094
40487,-1.038,-0.152,0.16,1.061
40507,-1.06,-0.09,0.166,1.077
40527,-1.052,-0.046,0.198,1.071
40546,-1.022,-0.02,0.194,1.04
40566,-0.986,0.004,0.168,1.0
40586,-0.98,0.0,0.182,0.997
40605,-0.95,0.016,0.176,0.966
40625,-0.92,0.006,0.236,0.95
40645,-0.914,-0.034,0.252,0.949
40665,-0.94,-0.088,0.258,0.979
40684,-0.986,-0.164,0.302,1.044
40704,-1.016,-0.198,0.278,1.072
40724,-0.988,-0.218,0.264,1.046
40743,-0.942,-0.204,0.27,1.001
40763,-0.896,-0.19,0.246,0.948
40783,-0.884,-0.176,0.25,0.935
40802,-0.848,-0.164,0.202,0.887
40822,-0.862,-0.162,0.244,0.91
40842,-0.86,-0.152,0.216,0.9
40861,-0.862,-0.15,0.27,0.916
40881,-0.836,-0.162,0.258,0.89
40901,-0.846,-0.184,0.276,0.909
40921,-0.842,-0.218,0.208,0.894
40940,-0.864,-0.268,0.234,0.934
40960,-0.876,-0.308,0.242,0.96
40980,-0.856,-0.33,0.22,0.943
40999,-0.856,-0.326,0.218,0.942
41019,-0.858,-0.32,0.198,0.937
41039,-0.846,-0.308,0.196,0.921
41058,-0.86,-0.28,0.214,0.929
41078,-0.882,-0.278,0.254,0.959
41098,-0.904,-0.288,0.258,0.983
41117,-0.908,-0.344,0.262,1.006
41137,-0.908,-0.404,0.268,1.029
41157,-0.904,-0.466,0.272,1.053
41177,-0.938,-0.462,0.26,1.077
41196,-0.968,-0.452,0.252,1.098
41216,-1.03,-0.418,0.246,1.138
41236,-1.052,-0.346,0.228,1.131
41255,-1.17,-0.28,0.244,1.228
41275,-1.194,-0.212,0.238,1.236
41295,-1.13,-0.182,0.236,1.169
41314,-1.0,-0.216,0.272,1.059
41334,-0.91,-0.22,0.32,0.989
41354,-0.92,-0.2,0.26,0.977
41374,-0.948,-0.186,0.182,0.983
41393,-0.938,-0.18,0.144,0.966
41413,-0.932,-0.138,0.104,0.948
41433,-0.878,-0.068,0.052,0.882
41452,-0.88,-0.028,0.084,0.884
41472,-0.888,-0.038,0.154,0.902
41492,-0.902,-0.074,0.202,0.927
41512,-0.91,-0.124,0.182,0.936
41531,-0.938,-0.194,0.192,0.977
41551,-0.94,-0.23,0.186,0.985
41571,-0.95,-0.246,0.196,1.001
41590,-0.916,-0.23,0.172,0.96
41610,-0.914,-0.206,0.132,0.946
41630,-0.924,-0.218,0.146,0.961
41649,-0.932,-0.236,0.132,0.97
41669,-0.936,-0.248,0.162,0.982
41689,-0.91,-0.254,0.162,0.959
41708,-0.904,-0.266,0.17,0.958
41728,-0.888,-0.278,0.208,0.953
41748,-0.88,-0.276,0.148,0.934
41768,-0.882,-0.278,0.19,0.944
41787,-0.884,-0.286,0.17,0.945
41807,-0.876,-0.29,0.174,0.939
41827,-0.87,-0.296,0.168,0.934
41846,-0.874,-0.306,0.172,0.942
41866,-0.886,-0.306,0.164,0.952
41886,-0.894,-0.296,0.14,0.952
41905,-0.9,-0.286,0.144,0.955
41925,-0.93,-0.27,0.116,0.975
41945,-0.928,-0.264,0.108,0.971
41965,-0.94,-0.272,0.144,0.989
41984,-0.964,-0.296,0.168,1.022
42004,-0.962,-0.308,0.13,1.018
42024,-0.984,-0.34,0.11,1.047
42043,-1.008,-0.358,0.11,1.075
42063,-1.024,-0.358,0.118,1.091
42083,-1.024,-0.336,0.138,1.087
42102,-1.07,-0.304,0.174,1.126
42122,-1.086,-0.268,0.22,1.14
42142,-1.09,-0.198,0.22,1.129
42161,-1.062,-0.116,0.212,1.089
42181,-1.046,-0.052,0.22,1.07
42201,-1.024,-0.026,0.202,1.044
42221,-0.99,0.0,0.144,1.0
42240,-0.958,0.014,0.15,0.97
42260,-0.938,0.018,0.19,0.957
42280,-0.93,0.0,0.242,0.961
42299,-0.938,-0.054,0.304,0.988
42319,-0.944,-0.136,0.308,1.002
42339,-0.984,-0.2,0.298,1.047
42358,-1.002,-0.244,0.27,1.066
42378,-1.014,-0.26,0.238,1.074
42398,-0.97,-0.244,0.252,1.031
42418,-0.912,-0.224,0.206,0.961
42437,-0.854,-0.206,0.182,0.897
42457,-0.836,-0.186,0.214,0.883
42477,-0.864,-0.174,0.234,0.912
42496,-0.866,-0.18,0.236,0.915
42516,-0.852,-0.196,0.29,0.921
42536,-0.87,-0.214,0.314,0.949
42555,-0.872,-0.236,0.268,0.942
42575,-0.854,-0.264,0.238,0.925
42595,-0.878,-0.29,0.224,0.951
42614,-0.878,-0.316,0.186,0.951
42634,-0.856,-0.338,0.19,0.94
42654,-0.83,-0.346,0.206,0.923
42673,-0.826,-0.326,0.196,0.909
42693,-0.834,-0.314,0.208,0.915
42713,-0.866,-0.312,0.212,0.945
42733,-0.876,-0.314,0.226,0.958
42752,-0.924,-0.314,0.224,1.001
42772,-0.922,-0.35,0.214,1.009
42792,-0.93,-0.386,0.25,1.037
42811,-0.924,-0.432,0.232,1.046
42831,-0.906,-0.458,0.24,1.043
42851,-0.912,-0.456,0.274,1.056
42870,-0.934,-0.444,0.258,1.066
42890,-0.98,-0.42,0.258,1.097
42910,-1.078,-0.356,0.288,1.171
42930,-1.21,-0.278,0.258,1.268
42949,-1.24,-0.184,0.172,1.265
42969,-1.202,-0.134,0.246,1.234
42989,-1.004,-0.156,0.296,1.058
43008,-0.898,-0.172,0.346,0.978
43028,-0.878,-0.188,0.258,0.934
43048,-0.898,-0.2,0.176,0.937
43068,-0.906,-0.21,0.148,0.942
43087,-0.888,-0.152,0.094,0.906
43107,-0.872,-0.092,0.054,0.879
43127,-0.888,-0.062,0.082,0.894
43146,-0.912,-0.076,0.15,0.927
43166,-0.942,-0.126,0.228,0.977
43186,-0.924,-0.194,0.22,0.969
43205,-0.936,-0.248,0.244,0.999
43225,-0.936,-0.298,0.222,1.007
43245,-0.914,-0.29,0.162,0.972
43265,-0.906,-0.278,0.124,0.956
43284,-0.89,-0.26,0.092,0.932
43304,-0.886,-0.272,0.148,0.939
43324,-0.892,-0.274,0.152,0.945
43343,-0.904,-0.284,0.154,0.96
43363,-0.904,-0.3,0.196,0.972
43383,-0.9,-0.314,0.178,0.97
43402,-0.878,-0.328,0.17,0.953
43422,-0.866,-0.342,0.172,0.947
43442,-0.852,-0.35,0.166,0.936
43462,-0.866,-0.342,0.182,0.949
43481,-0.866,-0.36,0.178,0.955
43501,-0.908,-0.356,0.152,0.987
43521,-0.912,-0.354,0.12,0.986
43540,-0.894,-0.342,0.088,0.961
43560,-0.878,-0.344,0.104,0.949
43580,-0.904,-0.352,0.13,0.979
43599,-0.896,-0.34,0.124,0.966
43619,-0.88,-0.338,0.172,0.958
43639,-0.894,-0.34,0.194,0.976
43658,-0.96,-0.356,0.198,1.043
43678,-1.036,-0.368,0.162,1.111
43698,-1.078,-0.36,0.14,1.145
43718,-1.136,-0.318,0.146,1.189
43737,-1.162,-0.264,0.126,1.198
43757,-1.156,-0.214,0.206,1.194
43777,-1.11,-0.162,0.192,1.138
43796,-1.054,-0.118,0.188,1.077
43816,-1.002,-0.072,0.196,1.024
43836,-0.956,-0.04,0.202,0.978
43855,-0.914,-0.014,0.228,0.942
43875,-0.92,0.016,0.214,0.945
43895,-0.93,-0.04,0.242,0.962
43915,-0.948,-0.118,0.3,1.001
43934,-1.002,-0.174,0.298,1.06
43954,-1.018,-0.228,0.256,1.074
43974,-1.032,-0.274,0.226,1.091
43993,-1.01,-0.28,0.224,1.072
44013,-0.936,-0.244,0.212,0.99
44033,-0.88,-0.198,0.214,0.927
44052,-0.828,-0.19,0.176,0.868
44072,-0.81,-0.198,0.19,0.855
44092,-0.83,-0.208,0.204,0.88
44112,-0.83,-0.214,0.2,0.88
44131,-0.848,-0.208,0.212,0.899
44151,-0.856,-0.238,0.24,0.92
44171,-0.874,-0.262,0.25,0.946
44190,-0.896,-0.282,0.224,0.966
44210,-0.902,-0.318,0.208,0.979
44230,-0.886,-0.348,0.218,0.977
44249,-0.886,-0.372,0.23,0.988
44269,-0.86,-0.366,0.198,0.955
44289,-0.864,-0.368,0.188,0.958
44309,-0.884,-0.358,0.214,0.977
44328,-0.848,-0.344,0.218,0.941
44348,-0.86,-0.322,0.214,0.943
44368,-0.874,-0.322,0.246,0.963
44387,-0.87,-0.37,0.288,0.988
44407,-0.88,-0.43,0.29,1.021
44427,-0.882,-0.486,0.336,1.062
44446,-0.902,-0.476,0.29,1.06
44466,-0.942,-0.436,0.288,1.077
44486,-0.976,-0.404,0.254,1.086
44505,-1.024,-0.346,0.282,1.117
44525,-1.148,-0.29,0.28,1.217
44545,-1.26,-0.238,0.246,1.306
44564,-1.202,-0.218,0.26,1.249
44584,-1.094,-0.232,0.298,1.157
44604,-1.002,-0.266,0.284,1.075
44624,-0.942,-0.26,0.22,1.002
44643,-0.872,-0.266,0.15,0.924
44663,-0.802,-0.248,0.142,0.851
44683,-0.79,-0.164,0.092,0.812
44702,-0.816,-0.084,0.064,0.823
44722,-0.866,-0.05,0.092,0.872
44742,-0.898,-0.062,0.108,0.907
44761,-0.928,-0.11,0.176,0.951
44781,-0.95,-0.156,0.19,0.981
44801,-0.946,-0.214,0.158,0.983
44821,-0.966,-0.234,0.148,1.005
44840,-0.944,-0.244,0.168,0.989
44860,-0.946,-0.256,0.182,0.997
44880,-0.91,-0.27,0.164,0.963
44899,-0.898,-0.284,0.162,0.956
44919,-0.9,-0.302,0.16,0.963
44939,-0.908,-0.306,0.12,0.966
44959,-0.912,-0.304,0.112,0.968
44978,-0.918,-0.296,0.136,0.974
44998,-0.892,-0.288,0.146,0.949
45018,-0.878,-0.298,0.174,0.943
45037,-0.896,-0.306,0.218,0.972
45057,-0.9,-0.316,0.236,0.983
45077,-0.902,-0.32,0.222,0.982
45096,-0.924,-0.314,0.196,0.995
45116,-0.938,-0.32,0.162,1.004
45136,-0.946,-0.314,0.178,1.013
45155,-0.94,-0.316,0.196,1.011
45175,-0.962,-0.324,0.212,1.037
45195,-0.962,-0.314,0.228,1.037
45215,-0.954,-0.32,0.23,1.032
45234,-0.936,-0.33,0.242,1.022
45254,-0.918,-0.336,0.158,0.99
45274,-0.934,-0.35,0.158,1.01
45293,-0.966,-0.362,0.152,1.043
45313,-1.002,-0.37,0.148,1.078
45333,-1.006,-0.344,0.114,1.069
45352,-1.02,-0.312,0.118,1.073
45372,-1.01,-0.314,0.084,1.061
45392,-1.034,-0.296,0.12,1.082
45412,-1.042,-0.24,0.144,1.079
45431,-1.044,-0.168,0.172,1.071
45451,-0.96,-0.236,0.06,0.99
45471,-0.978,-0.128,0.108,0.992
45490,-0.986,-0.068,0.094,0.993
45510,-0.97,-0.044,0.094,0.976
45530,-0.972,-0.032,0.17,0.987
45549,-0.964,-0.04,0.246,0.996
45569,-0.964,-0.076,0.292,1.01
45589,-0.972,-0.124,0.272,1.017
45608,-1.002,-0.174,0.274,1.053
45628,-1.028,-0.196,0.232,1.072
45648,-1.032,-0.206,0.238,1.079
45668,-1.002,-0.19,0.242,1.048
45687,-0.938,-0.186,0.242,0.986
45707,-0.906,-0.184,0.196,0.945
45727,-0.87,-0.196,0.174,0.909
45746,-0.862,-0.194,0.218,0.91
45766,-0.866,-0.17,0.19,0.903
45786,-0.846,-0.164,0.184,0.881
45806,-0.846,-0.186,0.23,0.896
45825,-0.864,-0.208,0.252,0.924
45845,-0.872,-0.242,0.21,0.929
45865,-0.876,-0.278,0.196,0.94
45884,-0.88,-0.314,0.186,0.953
45904,-0.868,-0.312,0.152,0.935
45924,-0.86,-0.308,0.12,0.921
45943,-0.86,-0.298,0.118,0.918
45963,-0.844,-0.314,0.138,0.911
45983,-0.85,-0.302,0.144,0.913
46003,-0.872,-0.334,0.17,0.949
46022,-0.906,-0.372,0.176,0.995
46042,-0.932,-0.43,0.202,1.046
46062,-0.952,-0.462,0.204,1.078
46081,-0.94,-0.476,0.204,1.073
46101,-0.892,-0.468,0.246,1.037
46121,-0.888,-0.42,0.238,1.011
46140,-0.894,-0.402,0.236,1.008
46160,-0.928,-0.384,0.286,1.044
46180,-1.016,-0.348,0.314,1.119
46200,-1.114,-0.312,0.262,1.186
46219,-1.202,-0.288,0.18,1.249
46239,-1.158,-0.278,0.204,1.208
46259,-1.018,-0.276,0.228,1.079
46278,-0.932,-0.252,0.248,0.997
46298,-0.874,-0.228,0.224,0.931
46318,-0.864,-0.204,0.156,0.901
46337,-0.892,-0.198,0.168,0.929
46357,-0.898,-0.166,0.092,0.918
46377,-0.88,-0.114,0.078,0.891
46396,-0.902,-0.078,0.078,0.909
46416,-0.924,-0.076,0.112,0.934
46436,-0.942,-0.118,0.174,0.965
46456,-0.94,-0.158,0.198,0.974
46475,-0.962,-0.202,0.222,1.008
46495,-0.96,-0.228,0.186,1.004
46515,-0.954,-0.244,0.148,0.996
46534,-0.936,-0.232,0.13,0.973
46554,-0.922,-0.222,0.142,0.959
46574,-0.93,-0.206,0.102,0.958
46593,-0.948,-0.21,0.13,0.98
46613,-0.944,-0.218,0.078,0.972
46633,-0.94,-0.242,0.116,0.978
46652,-0.964,-0.264,0.17,1.014
46672,-0.948,-0.284,0.154,1.002
46692,-0.95,-0.296,0.16,1.008
46712,-0.942,-0.308,0.134,1.0
46731,-0.928,-0.316,0.148,0.991
46751,-0.898,-0.336,0.144,0.97
46771,-0.904,-0.34,0.162,0.979
46790,-0.908,-0.33,0.16,0.979
46810,-0.914,-0.324,0.154,0.982
46830,-0.91,-0.322,0.16,0.978
46849,-0.916,-0.326,0.13,0.981
46869,-0.94,-0.336,0.142,1.008
46889,-0.93,-0.36,0.19,1.015
46909,-0.926,-0.366,0.142,1.006
46928,-0.9,-0.366,0.19,0.99
46948,-0.9,-0.344,0.158,0.976
46968,-0.876,-0.344,0.154,0.954
46987,-0.882,-0.346,0.19,0.966
47007,-0.862,-0.368,0.184,0.955
47027,-0.866,-0.378,0.14,0.955
47046,-0.904,-0.408,0.176,1.007
47066,-0.95,-0.416,0.196,1.055
47086,-0.966,-0.404,0.208,1.068
47106,-0.998,-0.378,0.208,1.087
47125,-1.012,-0.366,0.224,1.099
47145,-1.028,-0.318,0.282,1.112
47165,-1.018,-0.284,0.22,1.08
47184,-1.006,-0.262,0.216,1.062
47204,-0.978,-0.252,0.18,1.026
47224,-0.95,-0.22,0.18,0.992
47244,-0.902,-0.184,0.144,0.932
47263,-0.868,-0.158,0.184,0.901
47283,-0.856,-0.114,0.188,0.884
47303,-0.85,-0.094,0.222,0.884
47322,-0.902,-0.102,0.258,0.944
47342,-0.964,-0.138,0.264,1.009
47362,-1.024,-0.22,0.276,1.083
47381,-1.07,-0.276,0.32,1.15
47401,-1.054,-0.332,0.256,1.134
47421,-1.042,-0.358,0.2,1.12
47440,-1.002,-0.332,0.192,1.073
47460,-0.938,-0.292,0.2,1.003
47480,-0.862,-0.238,0.178,0.912
47500,-0.84,-0.19,0.168,0.877
47519,-0.808,-0.188,0.136,0.841
47539,-0.814,-0.192,0.132,0.847
47559,-0.85,-0.21,0.228,0.905
47578,-0.874,-0.248,0.238,0.939
47598,-0.926,-0.268,0.246,0.995
47618,-0.932,-0.316,0.238,1.012
47637,-0.936,-0.342,0.216,1.02
47657,-0.948,-0.344,0.232,1.035
47677,-0.924,-0.338,0.218,1.008
47697,-0.9,-0.344,0.208,0.986
47716,-0.888,-0.324,0.186,0.963
47736,-0.872,-0.316,0.182,0.945
47756,-0.834,-0.314,0.212,0.916
47775,-0.818,-0.3,0.234,0.902
47795,-0.782,-0.296,0.242,0.87
47815,-0.772,-0.296,0.256,0.866
47834,-0.78,-0.32,0.258,0.882
47854,-0.8,-0.364,0.28,0.922
47874,-0.846,-0.406,0.312,0.989
47893,-0.862,-0.452,0.282,1.013
47913,-0.906,-0.458,0.25,1.046
47933,-0.958,-0.44,0.224,1.078
47953,-0.996,-0.416,0.268,1.112
47972,-1.036,-0.376,0.296,1.141
47992,-1.146,-0.318,0.268,1.219
48012,-1.166,-0.312,0.232,1.229
48031,-1.096,-0.336,0.254,1.174
48051,-1.008,-0.358,0.322,1.117
48071,-0.948,-0.372,0.328,1.07
48090,-0.906,-0.346,0.31,1.018
48110,-0.92,-0.308,0.282,1.01
48130,-0.908,-0.264,0.24,0.976
48150,-0.89,-0.236,0.206,0.944
48169,-0.896,-0.188,0.214,0.94
48189,-0.91,-0.168,0.194,0.945
48209,-0.92,-0.172,0.178,0.953
48228,-0.91,-0.168,0.128,0.934
48248,-0.888,-0.18,0.15,0.918
48268,-0.906,-0.202,0.188,0.947
48287,-0.916,-0.224,0.196,0.963
48307,-0.916,-0.246,0.142,0.959
48327,-0.922,-0.262,0.166,0.973
48346,-0.908,-0.266,0.15,0.958
48366,-0.916,-0.256,0.184,0.969
48386,-0.912,-0.262,0.196,0.969
48406,-0.898,-0.246,0.21,0.954
48425,-0.898,-0.268,0.166,0.952
48445,-0.926,-0.284,0.168,0.983
48465,-0.926,-0.29,0.156,0.983
48484,-0.922,-0.316,0.146,0.986
48504,-0.934,-0.348,0.182,1.013
48524,-0.928,-0.362,0.19,1.014
48543,-0.906,-0.374,0.178,0.996
48563,-0.87,-0.372,0.158,0.959
48583,-0.87,-0.376,0.172,0.963
48602,-0.866,-0.378,0.182,0.962
48622,-0.894,-0.39,0.202,0.996
48642,-0.88,-0.4,0.144,0.977
48662,-0.904,-0.406,0.148,1.002
48681,-0.888,-0.396,0.128,0.981
48701,-0.888,-0.384,0.168,0.982
48721,-0.878,-0.366,0.146,0.962
48740,-0.886,-0.348,0.154,0.964
48760,-0.874,-0.336,0.162,0.95
48780,-0.866,-0.358,0.164,0.951
48799,-0.852,-0.37,0.166,0.944
48819,-0.87,-0.384,0.184,0.969
48839,-0.89,-0.414,0.186,0.999
48858,-0.924,-0.456,0.174,1.045
48878,-0.968,-0.48,0.18,1.095
48898,-0.982,-0.482,0.204,1.113
48918,-1.014,-0.444,0.204,1.126
48937,-1.046,-0.404,0.192,1.138
48957,-1.04,-0.346,0.196,1.113
48977,-1.044,-0.284,0.18,1.097
48996,-1.052,-0.226,0.204,1.095
49016,-1.044,-0.19,0.19,1.078
49036,-0.998,-0.142,0.172,1.023
49055,-0.958,-0.11,0.162,0.978
49075,-0.898,-0.136,0.178,0.926
49095,-0.888,-0.158,0.238,0.933
49115,-0.876,-0.206,0.282,0.943
49134,-0.916,-0.246,0.31,0.998
49154,-0.942,-0.278,0.3,1.027
49174,-0.984,-0.332,0.288,1.078
49193,-1.004,-0.352,0.232,1.089
49213,-0.97,-0.36,0.212,1.056
49233,-0.9,-0.344,0.2,0.984
49252,-0.85,-0.31,0.258,0.941
49272,-0.8,-0.288,0.264,0.89
49292,-0.808,-0.276,0.246,0.889
49311,-0.82,-0.266,0.22,0.89
49331,-0.84,-0.27,0.256,0.919
49351,-0.822,-0.282,0.248,0.904
49371,-0.846,-0.312,0.254,0.937
49390,-0.854,-0.352,0.256,0.959
49410,-0.878,-0.384,0.258,0.992
49430,-0.878,-0.408,0.288,1.01
49449,-0.854,-0.42,0.24,0.981
49469,-0.844,-0.434,0.256,0.983
49489,-0.814,-0.43,0.248,0.953
49508,-0.802,-0.424,0.242,0.939
49528,-0.794,-0.422,0.208,0.923
49548,-0.794,-0.396,0.21,0.912
49567,-0.794,-0.366,0.216,0.901
49587,-0.806,-0.352,0.224,0.908
49607,-0.846,-0.388,0.296,0.977
49626,-0.854,-0.444,0.298,1.008
49646,-0.886,-0.496,0.356,1.076
49666,-0.892,-0.508,0.348,1.084
49686,-0.94,-0.48,0.336,1.108
49705,-0.962,-0.454,0.31,1.108
49725,-1.014,-0.39,0.33,1.135
49745,-1.11,-0.338,0.27,1.191
49764,-1.196,-0.326,0.248,1.264
49784,-1.148,-0.338,0.266,1.226
49804,-1.034,-0.372,0.33,1.147
49823,-0.942,-0.396,0.312,1.068
49843,-0.93,-0.39,0.282,1.047
49863,-0.932,-0.35,0.204,1.016
49882,-0.916,-0.312,0.144,0.978
49902,-0.884,-0.248,0.09,0.923
49922,-0.854,-0.174,0.038,0.872
49942,-0.864,-0.132,0.088,0.878
49961,-0.854,-0.138,0.07,0.868
49981,-0.868,-0.172,0.126,0.894
50001,-0.866,-0.192,0.16,0.901
50020,-0.878,-0.24,0.212,0.935
50040,-0.884,-0.292,0.216,0.956
50060,-0.894,-0.334,0.168,0.969
50079,-0.898,-0.334,0.158,0.971
50099,-0.9,-0.322,0.144,0.967
50119,-0.896,-0.33,0.162,0.968
50138,-0.882,-0.344,0.148,0.958
50158,-0.882,-0.342,0.13,0.955
50178,-0.878,-0.342,0.162,0.956
50198,-0.914,-0.32,0.158,0.981
50217,-0.902,-0.324,0.164,0.972
50237,-0.924,-0.316,0.172,0.992
50257,-0.92,-0.308,0.168,0.985
50276,-0.924,-0.286,0.136,0.977
50296,-0.938,-0.294,0.164,0.997
50316,-0.93,-0.316,0.172,0.997
50336,-0.912,-0.338,0.17,0.987
50355,-0.9,-0.354,0.172,0.982
50375,-0.902,-0.366,0.188,0.991
50395,-0.89,-0.374,0.174,0.981
50414,-0.878,-0.38,0.118,0.964
50434,-0.89,-0.384,0.154,0.981
50454,-0.904,-0.39,0.156,0.997
50473,-0.904,-0.39,0.156,0.997
50493,-0.878,-0.382,0.13,0.966
50513,-0.88,-0.392,0.15,0.975
50532,-0.892,-0.394,0.15,0.987
50552,-0.914,-0.412,0.15,1.014
50572,-0.95,-0.43,0.202,1.062
50591,-0.97,-0.43,0.206,1.081
50611,-0.974,-0.398,0.18,1.067
50631,-0.972,-0.362,0.152,1.048
50651,-1.022,-0.336,0.2,1.094
50670,-1.064,-0.296,0.22,1.126
50690,-1.072,-0.224,0.232,1.119
50710,-1.098,-0.144,0.182,1.122
50729,-1.06,-0.106,0.14,1.074
50749,-1.054,-0.066,0.164,1.069
50769,-1.022,-0.052,0.168,1.037
50789,-0.972,-0.046,0.134,0.982
50808,-0.968,-0.032,0.172,0.984
50828,-0.956,-0.056,0.2,0.978
50848,-0.952,-0.07,0.228,0.981
50867,-0.958,-0.142,0.236,0.997
50887,-0.986,-0.202,0.202,1.027
50907,-1.016,-0.256,0.204,1.067
50926,-1.036,-0.28,0.202,1.092
50946,-1.01,-0.288,0.19,1.067
50966,-0.956,-0.286,0.236,1.025
50985,-0.92,-0.242,0.246,0.983
51005,-0.906,-0.204,0.262,0.965
51025,-0.882,-0.184,0.252,0.936
51045,-0.878,-0.18,0.246,0.929
51064,-0.876,-0.194,0.204,0.92
51084,-0.88,-0.204,0.218,0.929
51104,-0.878,-0.236,0.224,0.936
51123,-0.878,-0.246,0.2,0.933
51143,-0.874,-0.262,0.184,0.931
51163,-0.882,-0.284,0.192,0.946
51182,-0.876,-0.302,0.214,0.951
51202,-0.878,-0.318,0.24,0.964
51222,-0.87,-0.306,0.242,0.953
51241,-0.844,-0.296,0.268,0.934
51261,-0.858,-0.292,0.262,0.943
51281,-0.872,-0.29,0.268,0.957
51301,-0.892,-0.28,0.27,0.973
51320,-0.922,-0.284,0.26,0.999
51340,-0.946,-0.288,0.268,1.025
51360,-0.968,-0.284,0.26,1.042
51379,-0.998,-0.268,0.226,1.058
51399,-1.008,-0.262,0.172,1.056
51419,-0.974,-0.25,0.144,1.016
51438,-0.974,-0.246,0.15,1.016
51458,-0.918,-0.27,0.18,0.974
51478,-0.88,-0.288,0.152,0.938
51497,-0.866,-0.312,0.162,0.935
51517,-0.87,-0.318,0.176,0.943
51537,-0.894,-0.33,0.162,0.967
51557,-0.904,-0.318,0.132,0.967
51576,-0.91,-0.314,0.15,0.974
51596,-0.914,-0.302,0.19,0.981
51616,-0.92,-0.282,0.182,0.979
51635,-0.938,-0.25,0.154,0.983
51655,-0.934,-0.26,0.18,0.986
51675,-0.966,-0.256,0.184,1.016
51694,-0.982,-0.264,0.23,1.043
51714,-0.948,-0.284,0.19,1.008
51734,-0.946,-0.314,0.254,1.029
51753,-0.93,-0.344,0.246,1.022
51773,-0.9,-0.37,0.216,0.997
51793,-0.902,-0.38,0.192,0.997
51812,-0.892,-0.376,0.182,0.985
51832,-0.898,-0.358,0.182,0.984
51852,-0.914,-0.354,0.19,0.998
51872,-0.904,-0.332,0.184,0.98
51891,-0.918,-0.31,0.218,0.993
51911,-0.914,-0.292,0.2,0.98
51931,-0.924,-0.306,0.22,0.998
51950,-0.932,-0.316,0.24,1.013
51970,-0.936,-0.34,0.214,1.019
51990,-0.906,-0.35,0.202,0.992
52009,-0.91,-0.348,0.182,0.991
52029,-0.922,-0.354,0.202,1.008
52049,-0.914,-0.346,0.192,0.996
52068,-0.908,-0.342,0.222,0.995
52088,-0.908,-0.34,0.214,0.993
52108,-0.914,-0.326,0.172,0.986
52128,-0.922,-0.32,0.186,0.994
52147,-0.934,-0.328,0.222,1.015
52167,-0.934,-0.336,0.254,1.025
52187,-0.918,-0.34,0.22,1.003
52206,-0.92,-0.34,0.238,1.009
52226,-0.908,-0.332,0.208,0.989
52246,-0.908,-0.33,0.19,0.985
52265,-0.898,-0.334,0.194,0.978
52285,-0.896,-0.34,0.188,0.977
52305,-0.91,-0.336,0.194,0.989
52325,-0.908,-0.332,0.168,0.981
52344,-0.902,-0.338,0.172,0.978
52364,-0.922,-0.344,0.222,1.009
52384,-0.922,-0.336,0.21,1.004
52403,-0.922,-0.336,0.222,1.006
52423,-0.908,-0.34,0.188,0.988
52443,-0.89,-0.342,0.182,0.971
52463,-0.888,-0.336,0.138,0.959
52482,-0.9,-0.336,0.152,0.973
52502,-0.906,-0.334,0.18,0.982
52522,-0.916,-0.34,0.204,0.998
52541,-0.92,-0.342,0.218,1.005
52561,-0.904,-0.332,0.176,0.979
52581,-0.908,-0.338,0.206,0.991
52600,-0.89,-0.34,0.214,0.976
52620,-0.886,-0.344,0.188,0.969
52640,-0.906,-0.338,0.2,0.987
52659,-0.912,-0.322,0.17,0.982
52679,-0.924,-0.332,0.21,1.004
52699,-0.936,-0.338,0.202,1.015
52719,-0.924,-0.326,0.206,1.001
52738,-0.934,-0.326,0.218,1.013
52758,-0.904,-0.348,0.192,0.988
52778,-0.9,-0.356,0.212,0.991
52797,-0.922,-0.348,0.2,1.006
52817,-0.908,-0.346,0.146,0.983
52837,-0.914,-0.338,0.186,0.992
52856,-0.906,-0.34,0.202,0.989
52876,-0.888,-0.346,0.17,0.968
52896,-0.906,-0.34,0.158,0.981
52915,-0.914,-0.33,0.142,0.982
52935,-0.918,-0.334,0.15,0.988
52955,-0.906,-0.334,0.152,0.977
52975,-0.908,-0.334,0.174,0.983
52994,-0.896,-0.342,0.168,0.974
53014,-0.91,-0.342,0.166,0.986
53034,-0.926,-0.338,0.204,1.007
53053,-0.9,-0.346,0.206,0.986
53073,-0.88,-0.356,0.19,0.968
53093,-0.884,-0.352,0.16,0.965
53112,-0.886,-0.35,0.15,0.964
53132,-0.91,-0.342,0.152,0.984
53152,-0.92,-0.34,0.194,1.0
53171,-0.916,-0.342,0.19,0.996
53191,-0.908,-0.328,0.156,0.978
53211,-0.926,-0.332,0.17,0.998
53231,-0.922,-0.334,0.198,1.0
53250,-0.922,-0.342,0.192,1.002
53270,-0.912,-0.338,0.156,0.985
53290,-0.906,-0.338,0.138,0.977
53309,-0.906,-0.338,0.15,0.979
53329,-0.918,-0.336,0.18,0.994
53349,-0.902,-0.338,0.164,0.977
53368,-0.91,-0.338,0.176,0.987
53388,-0.896,-0.346,0.174,0.976
53408,-0.91,-0.352,0.208,0.998
53428,-0.908,-0.348,0.194,0.992
53447,-0.902,-0.344,0.176,0.981
53467,-0.91,-0.346,0.198,0.993
53487,-0.932,-0.334,0.18,1.006
53506,-0.914,-0.338,0.14,0.984
53526,-0.912,-0.34,0.16,0.986
53546,-0.912,-0.336,0.176,0.988
53565,-0.906,-0.334,0.18,0.982
53585,-0.91,-0.342,0.186,0.99
53605,-0.906,-0.336,0.188,0.984
53624,-0.918,-0.356,0.168,0.999
53644,-0.914,-0.346,0.168,0.992
53664,-0.916,-0.328,0.178,0.989
53684,-0.924,-0.334,0.202,1.003
53703,-0.932,-0.34,0.212,1.014
53723,-0.924,-0.344,0.208,1.008
53743,-0.916,-0.34,0.218,1.001
53762,-0.914,-0.338,0.212,0.997
53782,-0.916,-0.332,0.19,0.993
53802,-0.914,-0.35,0.188,0.997
53821,-0.918,-0.348,0.166,0.996
53841,-0.906,-0.352,0.17,0.987
53861,-0.92,-0.346,0.2,1.003
53880,-0.91,-0.35,0.19,0.993
53900,-0.896,-0.352,0.202,0.984
53920,-0.926,-0.344,0.21,1.01
53940,-0.916,-0.352,0.192,1.0
53959,-0.904,-0.358,0.208,0.994
53979,-0.912,-0.352,0.19,0.996
53999,-0.926,-0.34,0.176,1.002
54018,-0.898,-0.35,0.182,0.981
54038,-0.922,-0.346,0.216,1.008
54058,-0.908,-0.354,0.23,1.001
54077,-0.914,-0.348,0.186,0.996
54097,-0.912,-0.344,0.2,0.995
54117,-0.924,-0.346,0.22,1.011
54136,-0.924,-0.348,0.21,1.009
54156,-0.932,-0.342,0.214,1.016
54176,-0.908,-0.344,0.17,0.986
54196,-0.928,-0.348,0.204,1.012
54215,-0.922,-0.344,0.224,1.009
54235,-0.93,-0.348,0.2,1.013
54255,-0.93,-0.352,0.216,1.018
54274,-0.924,-0.344,0.194,1.005
54294,-0.914,-0.356,0.196,1.0
54314,-0.91,-0.352,0.188,0.994
54334,-0.908,-0.346,0.188,0.99
54353,-0.892,-0.352,0.188,0.977
54373,-0.898,-0.358,0.216,0.991
54393,-0.892,-0.342,0.178,0.972
54412,-0.908,-0.342,0.204,0.991
54432,-0.912,-0.348,0.186,0.994
54452,-0.91,-0.362,0.204,1.0
54471,-0.91,-0.352,0.15,0.987
54491,-0.904,-0.354,0.176,0.987
54511,-0.91,-0.352,0.156,0.988
54530,-0.906,-0.362,0.19,0.994
54550,-0.898,-0.358,0.168,0.981
54570,-0.906,-0.348,0.168,0.985
54589,-0.91,-0.346,0.178,0.99
54609,-0.918,-0.346,0.18,0.997
54629,-0.922,-0.346,0.206,1.006
54649,-0.916,-0.35,0.186,0.998
54668,-0.922,-0.35,0.19,1.004
54688,-0.932,-0.342,0.19,1.011
54708,-0.922,-0.338,0.176,0.998
54727,-0.922,-0.336,0.184,0.998
54747,-0.93,-0.344,0.204,1.012
54767,-0.926,-0.346,0.184,1.006
54786,-0.912,-0.352,0.186,0.995
54806,-0.902,-0.344,0.184,0.983
54826,-0.914,-0.35,0.204,1.0
54846,-0.928,-0.352,0.23,1.019
54865,-0.902,-0.352,0.19,0.987
54885,-0.904,-0.344,0.166,0.981
54905,-0.896,-0.356,0.192,0.983
54924,-0.926,-0.346,0.178,1.004
54944,-0.914,-0.342,0.162,0.989
54964,-0.922,-0.34,0.202,1.003
54983,-0.938,-0.344,0.214,1.022
55003,-0.94,-0.362,0.236,1.035
55023,-0.916,-0.356,0.196,1.002
55043,-0.908,-0.354,0.158,0.987
55062,-0.898,-0.36,0.178,0.984
55082,-0.91,-0.348,0.188,0.992
55102,-0.932,-0.328,0.184,1.005
55121,-0.932,-0.312,0.186,1.0
55141,-0.924,-0.334,0.202,1.003
55161,-0.938,-0.336,0.18,1.012
55180,-0.93,-0.352,0.232,1.021
55200,-0.928,-0.36,0.188,1.013
55220,-0.906,-0.36,0.202,0.996
55239,-0.906,-0.35,0.184,0.989
55259,-0.91,-0.348,0.176,0.99
55279,-0.906,-0.346,0.162,0.983
55298,-0.92,-0.344,0.204,1.003
55318,-0.9,-0.332,0.178,0.976
55338,-0.91,-0.332,0.222,0.994
55358,-0.914,-0.338,0.192,0.993
55377,-0.922,-0.344,0.202,1.005
55397,-0.904,-0.354,0.23,0.998
55417,-0.922,-0.352,0.198,1.007
55436,-0.91,-0.35,0.212,0.998
55456,-0.906,-0.334,0.206,0.987
55476,-0.922,-0.332,0.208,1.002
55495,-0.918,-0.338,0.182,0.995
55515,-0.912,-0.342,0.19,0.992
55535,-0.902,-0.334,0.2,0.982
55555,-0.9,-0.34,0.18,0.979
55574,-0.894,-0.34,0.186,0.974
55594,-0.9,-0.33,0.204,0.98
55614,-0.904,-0.328,0.2,0.982
55633,-0.894,-0.334,0.198,0.975
55653,-0.874,-0.344,0.204,0.961
55673,-0.894,-0.34,0.21,0.979
55692,-0.892,-0.354,0.246,0.991
55712,-0.89,-0.362,0.262,0.996
55732,-0.906,-0.356,0.252,1.006
55751,-0.904,-0.368,0.27,1.013
55771,-0.896,-0.37,0.2,0.99
55791,-0.89,-0.37,0.236,0.992
55811,-0.894,-0.354,0.24,0.991
55830,-0.894,-0.368,0.24,0.996
55850,-0.886,-0.366,0.252,0.991
55870,-0.89,-0.366,0.208,0.985
55889,-0.896,-0.362,0.188,0.984
55909,-0.91,-0.374,0.18,1.0
55929,-0.898,-0.376,0.242,1.003
55948,-0.896,-0.372,0.234,0.998
55968,-0.896,-0.364,0.268,1.004
55988,-0.88,-0.366,0.268,0.99
56007,-0.884,-0.372,0.266,0.995
56027,-0.866,-0.346,0.244,0.964
56047,-0.88,-0.344,0.242,0.975
56067,-0.866,-0.366,0.242,0.971
56086,-0.842,-0.372,0.254,0.955
56106,-0.862,-0.4,0.264,0.986
56126,-0.89,-0.386,0.276,1.009
56145,-0.888,-0.344,0.262,0.988
56165,-0.894,-0.332,0.278,0.993
56185,-0.894,-0.336,0.264,0.991
56204,-0.904,-0.332,0.264,0.999
56224,-0.88,-0.35,0.28,0.988
56244,-0.888,-0.352,0.27,0.993
56263,-0.894,-0.34,0.292,1.0
56283,-0.904,-0.342,0.308,1.014
56303,-0.884,-0.352,0.25,0.984
56323,-0.866,-0.358,0.232,0.965
56342,-0.87,-0.36,0.268,0.979
56362,-0.872,-0.364,0.284,0.987
56382,-0.88,-0.358,0.312,1.0
56401,-0.886,-0.364,0.322,1.011
56421,-0.884,-0.36,0.288,0.997
56441,-0.884,-0.36,0.278,0.994
56460,-0.866,-0.368,0.282,0.982
56480,-0.86,-0.364,0.284,0.976
56500,-0.872,-0.372,0.264,0.984
56519,-0.88,-0.35,0.302,0.994
56539,-0.882,-0.36,0.32,1.005
56559,-0.886,-0.362,0.34,1.016
56579,-0.882,-0.362,0.33,1.009
56598,-0.874,-0.36,0.314,0.996
56618,-0.858,-0.356,0.278,0.97
56638,-0.864,-0.356,0.296,0.98
56657,-0.856,-0.366,0.286,0.974
56677,-0.858,-0.37,0.27,0.973
56697,-0.864,-0.388,0.284,0.989
56716,-0.87,-0.398,0.27,0.994
56736,-0.87,-0.382,0.256,0.984
56756,-0.876,-0.366,0.262,0.985
56775,-0.898,-0.35,0.28,1.004
56795,-0.884,-0.348,0.272,0.988
56815,-0.88,-0.336,0.248,0.974
56834,-0.876,-0.328,0.254,0.969
56854,-0.87,-0.364,0.244,0.974
56874,-0.878,-0.366,0.256,0.985
56893,-0.888,-0.352,0.266,0.992
56913,-0.892,-0.33,0.244,0.982
56933,-0.89,-0.326,0.232,0.976
56953,-0.906,-0.332,0.262,1.0
56972,-0.892,-0.356,0.268,0.997
56992,-0.888,-0.362,0.28,0.999
57012,-0.89,-0.352,0.252,0.99
57031,-0.882,-0.346,0.244,0.978
57051,-0.89,-0.338,0.276,0.991
57071,-0.888,-0.346,0.202,0.974
57091,-0.9,-0.348,0.248,0.996
57110,-0.898,-0.342,0.256,0.994
57130,-0.894,-0.32,0.248,0.981
57150,-0.896,-0.31,0.23,0.976
57169,-0.918,-0.314,0.27,1.007
57189,-0.916,-0.284,0.282,1.0
57209,-0.91,-0.294,0.264,0.992
57228,-0.928,-0.338,0.172,1.003
57248,-0.892,-0.374,0.23,0.994
57268,-0.882,-0.39,0.308,1.012
57287,-0.894,-0.36,0.266,1.0
57307,-0.918,-0.338,0.238,1.007
57327,-0.922,-0.332,0.242,1.009
57347,-0.922,-0.316,0.236,1.003
57366,-0.868,-0.36,0.21,0.963
57386,-0.87,-0.406,0.194,0.979
57406,-0.858,-0.374,0.206,0.958
57425,-0.864,-0.36,0.254,0.97
57445,-0.868,-0.354,0.25,0.97
57465,-0.886,-0.466,0.258,1.034
57484,-0.896,-0.44,0.29,1.039
57504,-0.95,-0.458,0.306,1.098
57524,-0.9,-0.414,0.216,1.014
57544,-0.874,-0.38,0.214,0.977
57563,-0.856,-0.37,0.318,0.985
57583,-0.882,-0.362,0.358,1.018
57603,-0.894,-0.374,0.286,1.01
57622,-0.918,-0.354,0.286,1.025
57642,-0.904,-0.38,0.248,1.011
57662,-0.928,-0.406,0.328,1.065
57681,-0.904,-0.318,0.28,0.998
57701,-0.938,-0.398,0.33,1.071
57721,-0.864,-0.3,0.368,0.986
57740,-0.864,-0.37,0.302,0.987
57760,-0.9,-0.378,0.288,1.018
57780,-0.924,-0.43,0.342,1.075
57799,-0.896,-0.372,0.38,1.042
57819,-0.85,-0.31,0.344,0.968
57839,-0.828,-0.314,0.244,0.919
57859,-0.84,-0.314,0.32,0.952
57878,-0.876,-0.336,0.398,1.019
57898,-0.894,-0.326,0.408,1.035
57918,-0.772,-0.1,0.324,0.843
57937,-0.856,-0.318,-0.176,0.93
57957,-0.884,-0.414,0.348,1.036
57977,-0.882,-0.418,0.368,1.043
57996,-0.92,-0.426,0.31,1.06
58016,-0.94,-0.41,0.282,1.064
58036,-0.91,-0.344,0.292,1.016
58056,-0.882,-0.304,0.334,0.991
58075,-0.886,-0.302,0.278,0.976
58095,-0.888,-0.33,0.268,0.985
58115,-0.886,-0.334,0.276,0.986
58134,-0.878,-0.314,0.28,0.974
58154,-0.898,-0.362,0.268,1.005
58174,-0.866,-0.288,0.298,0.96
58193,-0.888,-0.292,0.278,0.975
58213,-0.886,-0.28,0.294,0.975
58233,-0.87,-0.274,0.29,0.957
58252,-0.856,-0.302,0.264,0.945
58272,-0.83,-0.362,0.266,0.944
58292,-0.872,-0.366,0.318,0.998
58312,-0.912,-0.18,0.28,0.971
58331,-0.904,-0.33,0.282,1.003
58351,-0.906,-0.134,0.344,0.978
58371,-0.91,-0.318,0.324,1.017
58390,-0.896,-0.336,0.296,1.002
58410,-0.918,-0.284,0.342,1.02
58430,-0.9,-0.266,0.308,0.988
58450,-0.872,-0.288,0.262,0.955
58469,-0.848,-0.21,0.286,0.919
58489,-0.878,-0.242,0.272,0.95
58509,-0.88,-0.186,0.296,0.947
58528,-0.886,-0.226,0.286,0.958
58548,-0.864,-0.24,0.324,0.953
58568,-0.874,-0.252,0.342,0.972
58587,-0.888,-0.244,0.336,0.98
58607,-0.894,-0.26,0.35,0.995
58627,-0.892,-0.272,0.364,1.001
58646,-0.882,-0.298,0.33,0.988
58666,-0.89,-0.276,0.346,0.994
58686,-0.842,-0.26,0.312,0.935
58706,-0.842,-0.3,0.346,0.958
58725,-0.86,-0.272,0.358,0.97
58745,-0.862,-0.256,0.35,0.965
58765,-0.894,-0.302,0.38,1.017
58784,-0.914,-0.31,0.37,1.034
58804,-0.88,-0.302,0.342,0.991
58824,-0.87,-0.292,0.322,0.973
58843,-0.884,-0.266,0.318,0.976
58863,-0.898,-0.266,0.316,0.988
58883,-0.894,-0.266,0.292,0.977
58903,-0.89,-0.278,0.304,0.981
58922,-0.878,-0.276,0.264,0.957
58942,-0.878,-0.282,0.32,0.976
58962,-0.896,-0.276,0.36,1.004
58981,-0.9,-0.274,0.332,0.998
59001,-0.882,-0.298,0.318,0.984
59021,-0.878,-0.31,0.344,0.993
59040,-0.868,-0.314,0.328,0.98
59060,-0.884,-0.298,0.342,0.994
59080,-0.866,-0.302,0.334,0.976
59099,-0.862,-0.306,0.348,0.979
59119,-0.89,-0.306,0.368,1.011
59139,-0.896,-0.314,0.386,1.025
59159,-0.906,-0.314,0.386,1.034
59178,-0.9,-0.318,0.392,1.032
59198,-0.908,-0.316,0.372,1.031
59218,-0.896,-0.316,0.362,1.017
59237,-0.874,-0.298,0.334,0.982
59257,-0.874,-0.308,0.316,0.979
59277,-0.88,-0.322,0.33,0.993
59296,-0.856,-0.326,0.31,0.967
59316,-0.85,-0.314,0.29,0.951
59336,-0.854,-0.294,0.366,0.975
59355,-0.862,-0.294,0.372,0.984
59375,-0.906,-0.344,0.338,1.026
59395,-0.896,-0.318,0.328,1.006
59415,-0.89,-0.312,0.336,1.001
59434,-0.864,-0.326,0.358,0.99
59454,-0.888,-0.318,0.37,1.013
59474,-0.88,-0.312,0.382,1.009
59493,-0.878,-0.31,0.366,1.0
59513,-0.876,-0.308,0.376,1.002
59533,-0.87,-0.31,0.386,1.001
59552,-0.882,-0.31,0.346,0.997
59572,-0.91,-0.31,0.356,1.025
59592,-0.894,-0.314,0.346,1.009
59612,-0.878,-0.31,0.34,0.991
59631,-0.884,-0.314,0.356,1.003
59651,-0.856,-0.316,0.374,0.986
59671,-0.864,-0.308,0.358,0.985
59690,-0.872,-0.318,0.376,1.001
59710,-0.872,-0.31,0.328,0.982
59730,-0.876,-0.316,0.358,0.998
59749,-0.886,-0.306,0.344,0.998
59769,-0.86,-0.31,0.298,0.962
59789,-0.87,-0.298,0.308,0.97
59808,-0.854,-0.316,0.324,0.967
59828,-0.856,-0.31,0.306,0.96
59848,-0.854,-0.298,0.342,0.967
59868,-0.858,-0.292,0.34,0.968
59887,-0.858,-0.298,0.324,0.964
59907,-0.87,-0.31,0.334,0.982
59927,-0.872,-0.306,0.344,0.986
59946,-0.874,-0.322,0.376,1.004
59966,-0.902,-0.33,0.37,1.029
59986,-0.882,-0.33,0.342,1.002
60005,-0.842,-0.334,0.33,0.964
60025,-0.836,-0.332,0.372,0.973
60045,-0.846,-0.334,0.38,0.986
60064,-0.834,-0.328,0.398,0.981
60084,-0.824,-0.336,0.356,0.958
60104,-0.832,-0.324,0.346,0.958
60124,-0.844,-0.338,0.392,0.99
60143,-0.846,-0.336,0.36,0.979
60163,-0.87,-0.348,0.342,0.997
60183,-0.894,-0.374,0.386,1.043
60202,-0.86,-0.4,0.404,1.031
60222,-0.852,-0.406,0.404,1.027
60242,-0.848,-0.398,0.368,1.006
60261,-0.828,-0.39,0.344,0.978
60281,-0.844,-0.378,0.364,0.994
60301,-0.834,-0.366,0.346,0.974
60320,-0.834,-0.356,0.318,0.961
60340,-0.842,-0.358,0.356,0.982
60360,-0.838,-0.356,0.346,0.974
60380,-0.83,-0.35,0.348,0.966
60399,-0.834,-0.352,0.332,0.964
60419,-0.838,-0.344,0.36,0.975
60439,-0.826,-0.34,0.334,0.954
60458,-0.846,-0.344,0.336,0.973
60478,-0.844,-0.352,0.362,0.984
60498,-0.846,-0.35,0.344,0.978
60518,-0.822,-0.324,0.29,0.93
60537,-0.826,-0.344,0.322,0.951
60557,-0.874,-0.368,0.326,1.003
60577,-0.82,-0.352,0.29,0.938
60596,-0.868,-0.374,0.372,1.016
60616,-0.84,-0.392,0.344,0.989
60636,-0.846,-0.4,0.354,1.001
60655,-0.866,-0.394,0.336,1.009
60675,-0.864,-0.41,0.36,1.022
60695,-0.846,-0.426,0.382,1.021
60714,-0.84,-0.414,0.352,1.0
60734,-0.838,-0.406,0.32,0.985
60754,-0.838,-0.396,0.324,0.982
60774,-0.836,-0.384,0.288,0.964
60793,-0.842,-0.382,0.294,0.97
60813,-0.85,-0.386,0.322,0.988
60833,-0.85,-0.386,0.298,0.98
60852,-0.868,-0.402,0.34,1.015
60872,-0.83,-0.396,0.324,0.975
60892,-0.832,-0.382,0.328,0.972
60911,-0.844,-0.394,0.338,0.991
60931,-0.862,-0.388,0.34,1.005
60951,-0.832,-0.394,0.322,0.975
